Company Code,Market,Company Name,Sector,Market Cap,Last Price,PE,DY,ROE
AASIA (7054),MAIN,ASTRAL ASIA BERHAD,Plantation ,79.20m,0.12,-,0.00,-5.52
AAX (5238),MAIN,AIRASIA X BERHAD,"Travel, Leisure & Hospitality ",599.08m,1.34,1.63,0.00,282.66
ABFMY1 (0800EA),ETF,ABF MALAYSIA BOND INDEX FUND,Bond Fund ,1.764b,1.23,-,0.37,-
ABLEGLOB (7167),MAIN,ABLE GLOBAL BERHAD,Food & Beverages ,543.32m,1.75,10.45,3.71,11.71
ABLEGRP (7086),MAIN,ABLEGROUP BERHAD,Building Materials ,29.03m,0.11,47.83,0.00,1.44
ABMB (2488),MAIN,ALLIANCE BANK MALAYSIA BERHAD,Banking ,5.728b,3.70,8.91,5.95,9.21
ACME (7131),MAIN,ACME HOLDINGS BERHAD,Property ,71.67m,0.20,13.64,0.00,4.61
ACO (0218),ACE,ACO GROUP BERHAD,Industrial Services ,81.63m,0.24,29.75,0.85,3.04
ADB (0276),ACE,AUTOCOUNT DOTCOM BERHAD,Software ,511.97m,0.93,40.79,2.15,22.80
ADVCON (5281),MAIN,ADVANCECON HOLDINGS BERHAD,Construction ,157.88m,0.27,-,0.00,-18.65
ADVENTA (7191),MAIN,ADVENTA BERHAD,Health Care Equipment & Services ,84.03m,0.28,-,0.00,-9.57
AEM (7146),MAIN,AE MULTI HOLDINGS BERHAD,"Industrial Materials, Components & Equipment ",28.13m,0.13,-,0.00,-322.67
AEMULUS (0181),ACE,AEMULUS HOLDINGS BERHAD,Technology Equipment ,251.29m,0.38,-,0.00,-39.90
AEON (6599),MAIN,AEON CO. (M) BHD,Retailers ,1.544b,1.10,13.45,3.64,6.18
AEONCR (5139),MAIN,AEON CREDIT SERVICE (M) BERHAD,Other Financials ,3.304b,6.47,8.25,7.65,15.94
AFFIN (5185),MAIN,AFFIN BANK BERHAD,Banking ,5.960b,2.54,14.82,4.84,3.62
AFUJIYA (5198),MAIN,ABM FUJIYA BERHAD,Auto Parts ,64.80m,0.36,-,0.00,-10.00
AGES (7145),MAIN,AGESON BERHAD,Construction ,23.37m,0.08,-,0.00,-
AGMO (0258),ACE,AGMO HOLDINGS BERHAD,Software ,154.38m,0.48,26.69,0.00,13.09
AGX (0299),ACE,AGX GROUP BERHAD,Transportation & Logistics Services ,132.02m,0.31,-,0.00,-
AHB (7315),MAIN,AHB HOLDINGS BERHAD,Consumer Services ,90.12m,0.13,-,0.00,-
AHEALTH (7090),MAIN,APEX HEALTHCARE BERHAD,Pharmaceuticals ,2.192b,3.05,5.51,1.64,42.93
AIM (0122),ACE,ADVANCE INFORMATION MARKETING BERHAD,Industrial Services ,27.32m,0.07,-,0.00,-12.73
AIMFLEX (0209),ACE,AIMFLEX BERHAD,Technology Equipment ,235.64m,0.16,25.81,0.00,6.89
AIRPORT (5014),MAIN,MALAYSIA AIRPORTS HOLDINGS BERHAD,Transportation & Logistics Services ,16.185b,9.70,29.80,1.11,6.77
AJI (2658),MAIN,AJINOMOTO (MALAYSIA) BERHAD,Food & Beverages ,1.172b,19.28,19.44,0.47,10.76
AJIYA (7609),MAIN,AJIYA BERHAD,Building Materials ,487.34m,1.60,8.83,0.00,11.26
ALAM (5115),MAIN,ALAM MARITIM RESOURCES BERHAD,"Energy Infrastructure, Equipment & Services ",38.30m,0.03,2.58,0.00,-
ALAQAR (5116),MAIN,AL-`AQAR HEALTHCARE REIT,Real Estate Investment Trusts ,1.066b,1.27,17.57,6.22,5.66
ALCOM (2674),MAIN,ALCOM GROUP BERHAD,Metals ,112.17m,0.84,6.99,2.99,6.60
ALLIANZ (1163),MAIN,ALLIANZ MALAYSIA BERHAD,Insurance ,3.552b,19.96,4.86,5.04,14.22
ALPHA (0303),ACE,ALPHA IVF GROUP BERHAD,Health Care Providers ,1.604b,0.33,-,0.00,-
ALRICH (0079),ACE,ALDRICH RESOURCES BERHAD,Software ,38.97m,0.04,-,0.00,-5.00
ALSREIT (5269),MAIN,AL-SALAM REAL ESTATE INVESTMENT TRUST,Real Estate Investment Trusts ,249.40m,0.43,11.50,2.79,3.35
AMBANK (1015),MAIN,AMMB HOLDINGS BERHAD,Banking ,13.986b,4.22,7.69,4.34,9.48
AME (5293),MAIN,AME ELITE CONSORTIUM BERHAD,Construction ,1.121b,1.75,10.25,2.29,12.64
AMEDIA (0159),MAIN,ASIA MEDIA GROUP BERHAD,Media ,32.69m,0.11,18.10,0.00,13.81
AMEREIT (5307),MAIN,AME REAL ESTATE INVESTMENT TRUST,Real Estate Investment Trusts ,729.45m,1.39,10.35,3.94,12.52
AMFIRST (5120),MAIN,AMFIRST REAL ESTATE INVESTMENT TRUST,Real Estate Investment Trusts ,223.08m,0.33,16.58,8.31,1.69
AMLEX (03011),LEAP,AMLEX HOLDINGS BERHAD,Semiconductors ,115.29m,0.43,-,0.00,-
AMTEL (7031),MAIN,AMTEL HOLDINGS BERHAD,Telecommunications Equipment ,60.45m,0.62,10.98,0.00,7.45
AMWAY (6351),MAIN,AMWAY (MALAYSIA) HOLDINGS BERHAD,Retailers ,1.248b,7.59,10.76,7.91,37.71
ANALABS (7083),MAIN,ANALABS RESOURCES BERHAD,Industrial Services ,216.09m,1.80,6.21,1.17,8.53
ANCOMLB (0048),ACE,ANCOM LOGISTICS BERHAD,Transportation & Logistics Services ,80.46m,0.17,-,0.00,-1.25
ANCOMNY (4758),MAIN,ANCOM NYLEX BERHAD,Chemicals ,1.026b,1.02,13.25,0.98,14.00
ANEKA (0226),ACE,ANEKA JARINGAN HOLDINGS BERHAD,Construction ,163.17m,0.25,-,0.00,-8.17
ANNJOO (6556),MAIN,ANN JOO RESOURCES BERHAD,Metals ,682.73m,1.18,-,0.00,-0.18
ANNUM (5082),MAIN,ANNUM BERHAD,Wood & Wood Products ,21.61m,0.10,-,0.00,-
AORB (03051),LEAP,ALPHA OCEAN RESOURCES BERHAD,Agricultural Products ,323.00m,3.23,-,0.00,-
APB (5568),MAIN,APB RESOURCES BERHAD,Industrial Engineering ,214.46m,1.90,-,0.00,-
APEX (5088),MAIN,APEX EQUITY HOLDINGS BERHAD,Other Financials ,217.83m,1.02,29.74,0.00,2.12
APM (5015),MAIN,APM AUTOMOTIVE HOLDINGS BERHAD,Auto Parts ,540.29m,2.68,8.94,6.72,4.10
APOLLO (6432),MAIN,APOLLO FOOD HOLDINGS BERHAD,Food & Beverages ,567.20m,7.09,10.38,9.87,21.14
APPASIA (0119),ACE,APPASIA BERHAD,Software ,116.84m,0.10,58.82,0.00,7.39
ARANK (7214),MAIN,A-RANK BERHAD,Metals ,93.85m,0.53,6.90,4.76,7.77
ARBB (7181),MAIN,ARB BERHAD,Software ,49.99m,0.04,-,0.00,-
ARK (7007),MAIN,ARK RESOURCES HOLDINGS BERHAD,Property ,27.84m,0.40,17.94,0.00,10.62
ARMADA (5210),MAIN,BUMI ARMADA BERHAD,"Energy Infrastructure, Equipment & Services ",3.465b,0.59,10.43,0.00,5.97
ARREIT (5127),MAIN,AMANAHRAYA REAL ESTATE INVESTMENT TRUST,Real Estate Investment Trusts ,214.96m,0.38,65.79,2.21,0.45
ARTRONIQ (0038),ACE,ARTRONIQ BERHAD,Chemicals ,114.23m,0.28,-,0.00,-
ASB (1481),MAIN,ADVANCE SYNERGY BERHAD,"Travel, Leisure & Hospitality ",278.21m,0.11,-,0.91,-11.54
ASDION (0068),ACE,ASDION BERHAD,Software ,40.86m,0.08,-,0.00,-
ASIABRN (7722),MAIN,ASIA BRANDS BERHAD,Personal Goods ,97.71m,0.42,11.26,4.76,3.66
ASIAFLE (7129),MAIN,ASIA FILE CORPORATION BHD,Consumer Services ,447.62m,2.29,9.73,3.06,5.82
ASIAPAC (4057),MAIN,ASIAN PAC HOLDINGS BERHAD,Property ,156.33m,0.11,42.00,0.00,0.34
ASIAPLY (0105),ACE,ASIA POLY HOLDINGS BERHAD,Chemicals ,62.30m,0.07,-,0.00,-7.00
ASTEEL (7020),MAIN,ASTEEL GROUP BERHAD,Metals ,48.49m,0.10,-,0.00,-10.77
ASTINO (7162),MAIN,ASTINO BERHAD,Building Materials ,296.05m,0.60,7.71,1.67,7.01
ASTRA (03032),LEAP,ASTRAMINA GROUP BERHAD,Food & Beverages ,100.70m,0.37,-,0.00,-
ASTRO (6399),MAIN,ASTRO MALAYSIA HOLDINGS BERHAD,Media ,1.592b,0.31,42.96,0.82,3.35
AT (0072),ACE,AT SYSTEMATIZATION BERHAD,"Industrial Materials, Components & Equipment ",35.06m,0.16,-,0.00,-934.32
ATAIMS (8176),MAIN,ATA IMS BERHAD,"Industrial Materials, Components & Equipment ",331.20m,0.28,-,0.00,-28.78
ATECH (5302),MAIN,AURELIUS TECHNOLOGIES BERHAD,"Industrial Materials, Components & Equipment ",1.060b,2.69,-,0.86,-
ATLAN (7048),MAIN,ATLAN HOLDINGS BHD.,Retailers ,692.47m,2.73,28.83,3.66,5.81
ATRIUM (5130),MAIN,ATRIUM REAL ESTATE INVESTMENT TRUST,Real Estate Investment Trusts ,355.84m,1.34,13.84,5.15,7.20
AURO (5025),MAIN,AURO HOLDINGS BERHAD,Wood & Wood Products ,89.75m,0.16,-,0.00,-4.35
AURORA (03037),LEAP,AURORA ITALIA INTERNATIONAL BERHAD,Personal Goods ,137.73m,0.22,-,0.91,-
AVALAND (5182),MAIN,AVALAND BERHAD,Property ,502.66m,0.35,7.62,0.00,7.08
AVI (8885),MAIN,AVILLION BERHAD,"Travel, Leisure & Hospitality ",62.33m,0.06,-,0.00,-2.54
AWANTEC (5204),MAIN,AWANBIRU TECHNOLOGY BERHAD,Digital Services ,304.11m,0.39,-,0.00,-0.44
AWC (7579),MAIN,AWC BERHAD,Industrial Services ,221.39m,0.67,-,0.75,-1.24
AXIATA (6888),MAIN,AXIATA GROUP BERHAD,Telecommunications Service Providers ,24.516b,2.67,-,3.75,-9.05
AXREIT (5106),MAIN,AXIS REAL ESTATE INVESTMENT TRUST,Real Estate Investment Trusts ,3.198b,1.83,14.69,4.73,7.71
AXTERIA (7120),MAIN,AXTERIA GROUP BERHAD,Property ,100.36m,0.14,-,0.00,-0.67
AYER (2305),MAIN,AYER HOLDINGS BERHAD,Property ,523.97m,7.00,12.03,2.86,7.32
AYS (5021),MAIN,AYS VENTURES BERHAD,Building Materials ,152.74m,0.37,5.28,2.74,6.40
AZRB (7078),MAIN,AHMAD ZAKI RESOURCES BERHAD,Construction ,164.44m,0.25,2.48,0.00,40.32
BABA (03012),LEAP,BABA ECO GROUP BERHAD,Household Goods ,98.88m,0.44,-,0.43,-
BAHVEST (0098),ACE,BAHVEST RESOURCES BERHAD,Metals ,607.49m,0.49,-,0.00,-
BARAKAH (7251),MAIN,BARAKAH OFFSHORE PETROLEUM BERHAD,"Energy Infrastructure, Equipment & Services ",35.10m,0.04,-,0.00,-
BAT (4162),MAIN,BRITISH AMERICAN TOBACCO (MALAYSIA) BERHAD,Personal Goods ,2.327b,8.15,11.95,7.73,51.67
BAUTO (5248),MAIN,BERMAZ AUTO BERHAD,Automotive ,2.822b,2.41,7.81,9.13,46.01
BCB (6602),MAIN,BCB BERHAD,Property ,127.88m,0.31,9.09,0.00,2.69
BCMALL (0187),ACE,BCM ALLIANCE BERHAD,Industrial Services ,30.51m,0.02,-,0.00,-34.00
BDB (6173),MAIN,BINA DARULAMAN BERHAD,Property ,123.06m,0.41,9.71,1.14,2.61
BENALEC (5190),MAIN,BENALEC HOLDINGS BERHAD,Construction ,118.63m,0.12,-,0.00,-18.14
BERTAM (9814),MAIN,BERTAM ALLIANCE BERHAD,Property ,35.48m,0.11,61.11,0.00,0.34
BESHOM (7668),MAIN,BESHOM HOLDINGS BERHAD,Retailers ,264.09m,0.88,25.29,5.68,3.41
BETA (0263),ACE,BETAMEK BERHAD,Auto Parts ,175.50m,0.39,8.28,7.69,14.27
BHIC (8133),MAIN,BOUSTEAD HEAVY INDUSTRIES CORPORATION BHD,Transportation Equipment ,259.57m,0.46,-,0.00,-167.00
BIG (7005),MAIN,B.I.G. INDUSTRIES BERHAD,Diversified Industrials ,44.12m,0.70,17.73,0.00,6.03
BIMB (5258),MAIN,BIMB HOLDINGS BERHAD,Banking ,5.689b,2.51,10.29,6.70,7.46
BINACOM (0195),ACE,BINASAT COMMUNICATIONS BERHAD,Telecommunications Service Providers ,102.90m,0.27,-,0.00,-
BINTAI (6998),MAIN,BINTAI KINDEN CORPORATION BERHAD,Industrial Engineering ,91.50m,0.08,-,0.00,-46.53
BIOHLDG (0179),ACE,BIOALPHA HOLDINGS BERHAD,Food & Beverages ,119.55m,0.09,-,0.00,-27.84
BIPORT (5032),MAIN,BINTULU PORT HOLDINGS BERHAD,Transportation & Logistics Services ,2.668b,5.80,21.33,2.07,6.85
BJASSET (3239),MAIN,BERJAYA ASSETS BERHAD,Property ,818.65m,0.32,-,0.00,-1.19
BJCORP (3395),MAIN,BERJAYA CORPORATION BERHAD,Diversified Industrials ,1.789b,0.30,-,0.00,-2.80
BJFOOD (5196),MAIN,BERJAYA FOOD BERHAD,"Travel, Leisure & Hospitality ",1.169b,0.60,120.00,5.83,1.92
BJLAND (4219),MAIN,BERJAYA LAND BERHAD,"Travel, Leisure & Hospitality ",1.850b,0.37,112.12,0.00,0.42
BKAWAN (1899),MAIN,BATU KAWAN BERHAD,Plantation ,7.871b,19.70,21.43,3.05,4.62
BLDPLNT (5069),MAIN,BLD PLANTATION BHD.,Plantation ,1.029b,11.00,29.26,0.27,4.66
BMGREEN (0168),MAIN,BM GREENTECH BERHAD,"Industrial Materials, Components & Equipment ",474.72m,0.92,16.79,1.90,11.42
BNASTRA (7195),MAIN,BINASTRA CORPORATION BERHAD,"Industrial Materials, Components & Equipment ",778.30m,1.72,19.09,0.00,48.97
BONIA (9288),MAIN,BONIA CORPORATION BERHAD,Personal Goods ,372.91m,1.85,9.27,6.49,9.29
BORNOIL (7036),MAIN,BORNEO OIL BERHAD,Industrial Services ,119.92m,0.01,-,0.00,-12.71
BOXPAK (6297),MAIN,BOX-PAK (MALAYSIA) BERHAD,Packaging Materials ,96.64m,0.81,-,0.00,-7.43
BPPLAS (5100),MAIN,BP PLASTICS HOLDING BHD,Packaging Materials ,371.62m,1.32,10.54,4.55,13.32
BPURI (5932),MAIN,BINA PURI HOLDINGS BHD,Construction ,269.94m,0.08,-,0.00,-148.18
BRIGHT (9938),MAIN,BRIGHT PACKAGING INDUSTRY BERHAD,Packaging Materials ,39.01m,0.19,9.84,0.00,3.27
BSLCORP (7221),MAIN,BSL CORPORATION BERHAD,Metals ,57.98m,0.03,-,0.00,-16.10
BTECH (0011),ACE,BRITE-TECH BERHAD,"Gas, Water & Multi-utilities ",83.16m,0.33,11.34,2.42,8.31
BTM (7188),MAIN,BTM RESOURCES BERHAD,Wood & Wood Products ,81.67m,0.07,-,0.00,-27.33
BURSA (1818),MAIN,BURSA MALAYSIA BERHAD,Other Financials ,6.005b,7.42,23.80,3.91,30.57
BVLH (03042),LEAP,BV LAND HOLDINGS BERHAD,Construction ,25.76m,0.19,-,8.42,-
CAB (7174),MAIN,CAB CAKARAN CORPORATION BERHAD,Agricultural Products ,501.85m,0.72,4.84,0.70,15.89
CABNET (0191),ACE,CABNET HOLDINGS BERHAD,Technology Equipment ,54.52m,0.31,-,0.00,-
CAMRES (7128),MAIN,CAM RESOURCES BERHAD,Household Goods ,75.77m,0.39,5.50,2.60,8.54
CANONE (5105),MAIN,CAN-ONE BERHAD,Packaging Materials ,509.21m,2.65,15.25,1.51,1.80
CAPITALA (5099),MAIN,CAPITAL A BERHAD,"Travel, Leisure & Hospitality ",3.000b,0.71,3.58,0.00,-
CAREPLS (0163),MAIN,CAREPLUS GROUP BERHAD,Health Care Equipment & Services ,190.74m,0.28,-,0.00,-
CARIMIN (5257),MAIN,CARIMIN PETROLEUM BERHAD,"Energy Infrastructure, Equipment & Services ",190.61m,0.82,8.06,2.45,11.70
CARLSBG (2836),MAIN,CARLSBERG BREWERY MALAYSIA BERHAD,Food & Beverages ,5.705b,18.66,17.12,4.98,137.96
CARZO (03048),LEAP,CARZO HOLDINGS BERHAD,Food & Beverages ,28.62m,0.30,-,0.00,-
CATCHA (0173),ACE,CATCHA DIGITAL BERHAD,Media ,105.63m,0.30,71.43,0.00,2.80
CBIP (7076),MAIN,CB INDUSTRIAL PRODUCT HOLDING BERHAD,"Industrial Materials, Components & Equipment ",700.41m,1.42,10.77,3.52,7.54
CCIB (03053),LEAP,CC INTERNATIONAL BERHAD,Consumer Services ,167.89m,0.35,-,2.94,-
CCK (7035),MAIN,CCK CONSOLIDATED HOLDINGS BERHAD,Food & Beverages ,637.03m,1.01,7.53,3.47,19.43
CDB (6947),MAIN,CELCOMDIGI BERHAD,Telecommunications Service Providers ,50.094b,4.27,32.28,3.09,9.45
CEB (5311),MAIN,CAPE EMS BERHAD,Diversified Industrials ,897.76m,0.91,20.25,1.22,9.72
CEKD (0238),ACE,CEKD BERHAD,"Industrial Materials, Components & Equipment ",95.34m,0.49,15.76,2.55,8.64
CENGILD (0243),ACE,CENGILD MEDICAL BERHAD,Health Care Providers ,262.37m,0.32,21.88,2.35,10.91
CENSOF (5195),MAIN,CENSOF HOLDINGS BERHAD,Software ,140.83m,0.26,21.25,2.94,6.63
CEPAT (8982),MAIN,CEPATWAWASAN GROUP BERHAD,Plantation ,257.94m,0.81,12.66,4.94,4.89
CEPCO (8435),MAIN,CONCRETE ENGINEERING PRODUCTS BERHAD,Building Materials ,76.86m,1.03,21.19,0.00,5.86
CETECH (03024),LEAP,CE TECHNOLOGY BERHAD,Industrial Services ,398.03m,1.15,-,0.09,-
CFM (8044),MAIN,COMPUTER FORMS (MALAYSIA) BERHAD,Industrial Services ,37.46m,0.14,-,0.00,-
CGB (8052),MAIN,CENTRAL GLOBAL BERHAD,Packaging Materials ,625.73m,0.84,-,0.00,-10.49
CHB (0291),ACE,CRITICAL HOLDINGS BERHAD,Industrial Services ,315.98m,0.85,-,0.00,-
CHEETAH (7209),MAIN,CHEETAH HOLDINGS BERHAD,Personal Goods ,58.35m,0.12,-,0.00,-16.08
CHGP (7187),MAIN,CHIN HIN GROUP PROPERTY BERHAD,Transportation Equipment ,1.058b,1.60,30.59,0.00,8.86
CHHB (5738),MAIN,COUNTRY HEIGHTS HOLDINGS BHD,Property ,72.00m,0.24,-,0.00,-17.69
CHINHIN (5273),MAIN,CHIN HIN GROUP BERHAD,Building Materials ,8.054b,4.55,53.66,0.11,11.94
CHINTEK (1929),MAIN,CHIN TECK PLANTATIONS BERHAD,Plantation ,696.19m,7.62,14.09,2.62,5.60
CHINWEL (5007),MAIN,CHIN WELL HOLDINGS BERHAD,"Industrial Materials, Components & Equipment ",362.44m,1.21,45.83,4.55,1.13
CHOOBEE (5797),MAIN,CHOO BEE METAL INDUSTRIES BHD,Metals ,171.86m,0.87,152.63,2.87,0.18
CHUAN (7016),MAIN,CHUAN HUAT RESOURCES BHD,Building Materials ,70.84m,0.42,-,0.00,-1.26
CIHLDG (2828),MAIN,C.I. HOLDINGS BERHAD,Food & Beverages ,460.08m,2.84,6.13,5.28,17.95
CIMB (1023),MAIN,CIMB GROUP HOLDINGS BERHAD,Banking ,71.136b,6.67,10.19,5.40,10.22
CITAGLB (7245),MAIN,CITAGLOBAL BERHAD,Metals ,476.45m,1.14,50.67,0.00,2.50
CJCEN (7117),MAIN,CJ CENTURY LOGISTICS HOLDINGS BERHAD,Transportation & Logistics Services ,199.07m,0.34,16.92,4.48,2.57
CLASSITA (7154),MAIN,CLASSITA HOLDINGS BERHAD,Personal Goods ,49.31m,0.04,-,0.00,-4.50
CLMT (5180),MAIN,CAPITALAND MALAYSIA TRUST,Real Estate Investment Trusts ,1.780b,0.63,10.88,6.62,5.91
CLOUD (03001),LEAP,CLOUDARON GROUP BERHAD,Digital Services ,20.78m,0.03,-,0.00,-
CLOUDPT (0277),ACE,CLOUDPOINT TECHNOLOGY BERHAD,Digital Services ,342.88m,0.65,21.15,3.10,22.76
CME (7018),MAIN,CME GROUP BERHAD,Industrial Services ,26.20m,0.03,-,0.00,-
CMSB (2852),MAIN,CAHYA MATA SARAWAK BERHAD,Building Materials ,1.096b,1.02,9.51,2.94,3.49
CNASIA (7986),MAIN,CN ASIA CORPORATION BHD,"Industrial Materials, Components & Equipment ",41.59m,0.17,-,0.00,-
CNERGEN (0246),MAIN,CNERGENZ BERHAD,Technology Equipment ,283.86m,0.57,19.93,1.40,8.94
CNH (5104),MAIN,CITRA NUSA HOLDINGS BERHAD,Consumer Services ,39.60m,0.06,-,0.00,-2.00
CNOUHUA (5188),MAIN,CHINA OUHUA WINERY HOLDINGS LIMITED,Food & Beverages ,30.06m,0.05,-,0.00,-4.67
COASTAL (5071),MAIN,COASTAL CONTRACTS BHD,"Energy Infrastructure, Equipment & Services ",823.10m,1.50,-,0.00,-
COMFORT (2127),MAIN,COMFORT GLOVES BERHAD,"Industrial Materials, Components & Equipment ",250.67m,0.43,-,0.00,-4.21
COMPUGT (5037),MAIN,COMPUGATES HOLDINGS BERHAD,Industrial Services ,82.51m,0.02,-,0.00,-7.00
CORAZA (0240),ACE,CORAZA INTEGRATED TECHNOLOGY BERHAD,Industrial Engineering ,259.15m,0.53,-,0.00,-1.93
COSMOS (0261),ACE,COSMOS TECHNOLOGY INTERNATIONAL BERHAD,Industrial Services ,125.69m,0.49,50.00,1.02,4.76
CPETECH (5317),MAIN,CPE TECHNOLOGY BERHAD,"Industrial Materials, Components & Equipment ",731.73m,1.09,-,0.00,-
CRESBLD (8591),MAIN,CREST BUILDER HOLDINGS BERHAD,Construction ,84.92m,0.48,-,0.00,-12.44
CRESNDO (6718),MAIN,CRESCENDO CORPORATION BERHAD,Property ,855.41m,3.05,14.99,1.64,5.80
CRG (03016),LEAP,CARLO RINO GROUP BERHAD,Personal Goods ,169.19m,0.21,-,4.76,-
CSCSTEL (5094),MAIN,CSC STEEL HOLDINGS BERHAD,Metals ,516.80m,1.36,10.45,2.21,5.34
CTOS (5301),MAIN,CTOS DIGITAL BERHAD,Digital Services ,3.234b,1.40,27.34,2.37,19.69
CUSCAPI (0051),MAIN,CUSCAPI BERHAD,Software ,165.35m,0.18,-,0.00,-
CVIEW (5049),MAIN,COUNTRY VIEW BERHAD,Property ,128.00m,1.28,16.12,5.47,1.93
CWG (9423),MAIN,CWG HOLDINGS BERHAD,Consumer Services ,45.96m,0.28,11.02,2.68,3.97
CYBERE (5166),MAIN,CYBERJAYA EDUCATION GROUP BERHAD,Consumer Services ,161.19m,0.96,-,0.00,-
CYL (7157),MAIN,CYL CORPORATION BERHAD,Packaging Materials ,58.50m,0.59,-,0.85,-2.50
CYPARK (5184),MAIN,CYPARK RESOURCES BERHAD,Industrial Services ,757.00m,0.92,-,0.00,-
D&O (7204),MAIN,D&O GREEN TECHNOLOGIES BERHAD,Semiconductors ,4.049b,3.27,91.85,0.40,4.98
DANCO (5276),MAIN,DANCOMECH HOLDINGS BERHAD,"Industrial Materials, Components & Equipment ",194.72m,0.44,9.26,5.11,9.90
DATAPRP (8338),MAIN,DATAPREP HOLDINGS BHD,Digital Services ,84.87m,0.12,-,0.00,-45.14
DAY3 (0281),ACE,DAYTHREE DIGITAL BERHAD,Consumer Services ,170.40m,0.36,-,0.00,-
DAYANG (5141),MAIN,DAYANG ENTERPRISE HOLDINGS BERHAD,"Energy Infrastructure, Equipment & Services ",2.790b,2.41,12.74,1.87,13.22
DCHCARE (0283),ACE,DC HEALTHCARE HOLDINGS BERHAD,Health Care Providers ,293.91m,0.30,113.46,0.00,4.33
DELEUM (5132),MAIN,DELEUM BERHAD,"Energy Infrastructure, Equipment & Services ",550.13m,1.37,12.03,3.83,11.06
DESTINI (7212),MAIN,DESTINI BERHAD,Industrial Engineering ,149.72m,0.03,-,0.00,-
DFCITY (5165),MAIN,DFCITY GROUP BERHAD,Building Materials ,32.20m,0.31,-,0.00,-3.73
DFX (0131),ACE,DIVFEX BERHAD,Digital Services ,104.40m,0.14,18.18,0.00,0.17
DGB (0152),ACE,DGB ASIA BERHAD,Software ,18.82m,0.10,-,0.00,-4280.00
DIALOG (7277),MAIN,DIALOG GROUP BERHAD,"Energy Infrastructure, Equipment & Services ",13.099b,2.32,24.34,1.59,9.41
DIGISTA (0029),MAIN,DIGISTAR CORPORATION BERHAD,Digital Services ,30.38m,0.07,-,0.00,-260.00
DIN045801028 (0400GB),DANAINFRA NASIONAL-ETBS4.58%1028,Islamic-gg ,104.00m,104.00,-,0.00,-,
DKLS (7528),MAIN,DKLS INDUSTRIES BHD,Construction ,174.28m,1.88,6.21,1.60,6.33
DKSH (5908),MAIN,DKSH HOLDINGS (MALAYSIA) BERHAD,Consumer Services ,744.15m,4.72,6.73,6.78,12.39
DLADY (3026),MAIN,DUTCH LADY MILK INDUSTRIES BERHAD,Food & Beverages ,2.134b,33.34,29.48,1.50,16.56
DNEX (4456),MAIN,DAGANG NEXCHANGE BERHAD,Digital Services ,1.057b,0.34,-,1.79,-
DNONCE (7114),MAIN,D'NONCE TECHNOLOGY BHD,Packaging Materials ,56.44m,0.07,-,0.00,-2.15
DOLPHIN (5265),MAIN,DOLPHIN INTERNATIONAL BERHAD,"Industrial Materials, Components & Equipment ",29.43m,0.22,-,0.00,-29.78
DOMINAN (7169),MAIN,DOMINANT ENTERPRISE BERHAD,Wood & Wood Products ,128.89m,0.78,8.32,3.85,4.32
DPHARMA (7148),MAIN,DUOPHARMA BIOTECH BERHAD,Pharmaceuticals ,1.174b,1.22,22.30,1.89,7.70
DPIH (0205),ACE,DPI HOLDINGS BERHAD,Household Goods ,135.07m,0.19,28.46,0.81,5.42
DPS (7198),MAIN,DPS RESOURCES BERHAD,Property ,105.80m,0.50,14.25,0.00,3.44
DRBHCOM (1619),MAIN,DRB-HICOM BERHAD,Automotive ,2.842b,1.47,11.89,1.36,3.15
DSONIC (5216),MAIN,DATASONIC GROUP BERHAD,Digital Services ,1.303b,0.44,17.05,4.55,20.81
DSR (03055),LEAP,DSR TAIKO BERHAD,Plantation ,417.89m,1.28,-,0.00,-
DSS (0269),ACE,DS SIGMA HOLDINGS BERHAD,Packaging Materials ,156.00m,0.33,22.57,2.31,6.26
DUFU (7233),MAIN,DUFU TECHNOLOGY CORP. BERHAD,"Industrial Materials, Components & Equipment ",979.94m,1.80,40.27,3.61,6.98
DUTALND (3948),MAIN,DUTALAND BERHAD,Plantation ,258.07m,0.31,13.80,0.00,1.52
DXN (5318),MAIN,DXN HOLDINGS BHD.,Retailers ,3.066b,0.62,10.68,4.23,22.15
DYNAFNT (03046),LEAP,DYNAFRONT HOLDINGS BERHAD,Software ,105.84m,0.98,-,1.84,-
E&O (3417),MAIN,EASTERN & ORIENTAL BERHAD,Property ,2.204b,1.09,19.46,0.00,4.83
EAH (0154),ACE,EA HOLDINGS BERHAD,Digital Services ,32.26m,0.01,-,0.00,-
EATECH (5259),MAIN,E.A.TECHNIQUE (M) BERHAD,Transportation & Logistics Services ,169.76m,0.32,7.16,0.00,40.64
ECA (0267),ACE,ECA INTEGRATED SOLUTION BERHAD,Technology Equipment ,228.72m,0.40,33.19,0.00,10.82
ECM (2143),MAIN,ECM LIBRA GROUP BERHAD,Other Financials ,106.49m,0.22,4.26,0.00,12.62
ECOFIRS (3557),MAIN,ECOFIRST CONSOLIDATED BHD,Property ,416.73m,0.35,-,0.00,-0.30
ECOHLDS (0059),MAIN,ECOBUILT HOLDINGS BERHAD,Telecommunications Service Providers ,27.35m,0.07,-,0.00,-46.05
ECOMATE (0239),MAIN,ECOMATE HOLDINGS BERHAD,Household Goods ,315.06m,0.88,104.76,0.57,7.00
ECONBHD (5253),MAIN,ECONPILE HOLDINGS BERHAD,Construction ,694.58m,0.49,-,0.00,-6.12
ECOWLD (8206),MAIN,ECO WORLD DEVELOPMENT GROUP BERHAD,Property ,4.299b,1.46,21.28,4.11,4.21
EDARAN (5036),MAIN,EDARAN BERHAD,Technology Equipment ,72.60m,1.21,31.35,2.48,7.52
EDELTEQ (0278),ACE,EDELTEQ HOLDINGS BHD,Technology Equipment ,199.70m,0.38,49.34,0.00,8.44
EDEN (7471),MAIN,EDEN INC. BERHAD,Electricity ,73.51m,0.16,-,0.00,-7.66
EDGENTA (1368),MAIN,UEM EDGENTA BERHAD,Industrial Services ,794.20m,0.96,25.74,2.09,1.90
EDUSPEC (0107),ACE,EDUSPEC HOLDINGS BERHAD,Software ,170.07m,0.15,-,0.00,-5.07
EFFICEN (0064),MAIN,EFFICIENT E-SOLUTIONS BERHAD,Industrial Services ,213.08m,0.23,-,0.00,-0.29
EFORCE (0065),MAIN,EXCEL FORCE MSC BERHAD,Software ,219.56m,0.36,-,2.78,-
EFRAME (0227),ACE,ECONFRAME BERHAD,Building Materials ,287.33m,0.80,18.97,0.00,14.96
EG (8907),MAIN,EG INDUSTRIES BERHAD,"Industrial Materials, Components & Equipment ",598.79m,1.28,13.78,0.00,8.37
EIB (0255),ACE,ECOSCIENCE INTERNATIONAL BERHAD,Industrial Engineering ,140.25m,0.38,-,0.00,-13.35
EIG (5081),MAIN,ESTHETICS INTERNATIONAL GROUP BERHAD,Personal Goods ,74.72m,0.32,35.80,1.59,1.28
EITA (5208),MAIN,EITA RESOURCES BERHAD,"Industrial Materials, Components & Equipment ",282.19m,0.94,17.81,2.14,6.18
EKOVEST (8877),MAIN,EKOVEST BERHAD,Construction ,1.423b,0.48,-,0.00,-6.68
EKSONS (9016),MAIN,EKSONS CORPORATION BERHAD,Wood & Wood Products ,82.11m,0.50,14.58,0.00,1.42
ELKDESA (5228),MAIN,ELK-DESA RESOURCES BERHAD,Other Financials ,577.61m,1.27,16.78,5.12,7.28
ELSOFT (0090),MAIN,ELSOFT RESEARCH BERHAD,Technology Equipment ,371.37m,0.54,48.64,3.74,5.50
EMCC (0286),ACE,EVERGREEN MAX CASH CAPITAL BERHAD,Other Financials ,618.77m,0.56,-,0.00,-
EMETALL (7217),MAIN,EONMETALL GROUP BERHAD,Metals ,112.03m,0.40,-,3.12,-2.19
EMICO (9091),MAIN,EMICO HOLDINGS BERHAD,Consumer Services ,38.96m,0.31,13.72,0.00,5.38
ENCORP (6076),MAIN,ENCORP BERHAD,Property ,82.34m,0.26,-,0.00,-2.79
ENEST (03025),LEAP,ENEST GROUP BERHAD,Consumer Services ,65.10m,0.14,-,0.00,-
ENGKAH (7149),MAIN,ENG KAH CORPORATION BERHAD,Household Goods ,47.25m,0.40,-,0.00,-6.28
ENGTEX (5056),MAIN,ENGTEX GROUP BERHAD,Metals ,452.19m,1.02,44.74,0.00,1.23
ENRA (8613),MAIN,ENRA GROUP BERHAD,Property ,95.35m,0.70,-,0.00,-15.62
EPICON (4847),MAIN,EPICON BERHAD,"Travel, Leisure & Hospitality ",264.68m,0.45,3.88,0.00,104.27
EPMB (7773),MAIN,EP MANUFACTURING BHD,Auto Parts ,142.08m,0.65,7.63,0.00,6.17
EQ8MID (0824EA),ETF,EQ8 MSCI MALAYSIA ISLAMIC DIVIDEND ETF,Equity Fund ,24.88m,1.25,-,1.68,-
EQ8MY25 (0821EA),ETF,EQ8 DOW JONES ISLAMIC MARKET MALAYSIA TITANS 25 ETF,Equity Fund ,134.86m,1.00,-,1.71,-
EQ8SID (0825EA),ETF,EQ8 MSCI SEA ISLAMIC DIVIDEND ETF,Equity Fund ,47.91m,0.81,-,1.42,-
EQ8US50 (0827EA),ETF,EQ8 DOW JONES US TITANS 50 ETF,Equity Fund ,25.53m,2.55,-,0.00,-
ESAFE (0190),ACE,EVERSAFE RUBBER BERHAD,Auto Parts ,51.73m,0.22,41.35,3.72,2.07
ESCERAM (0100),ACE,ES CERAMICS TECHNOLOGY BHD,"Industrial Materials, Components & Equipment ",130.92m,0.20,4.91,0.00,13.69
ETH (03021),LEAP,EQUITIESTRACKER HOLDINGS BERHAD,Consumer Services ,41.25m,0.14,-,0.00,-
EUPE (6815),MAIN,EUPE CORPORATION BERHAD,Property ,174.17m,1.23,5.42,1.46,6.34
EURO (7208),MAIN,EURO HOLDINGS BERHAD,Consumer Services ,70.61m,0.06,-,0.00,-
EUROSP (7094),MAIN,EUROSPAN HOLDINGS BERHAD,Household Goods ,57.75m,1.30,-,0.00,-9.53
EVD (0174),ACE,EVD BERHAD,Software ,63.90m,0.15,-,0.00,-
EVERGRN (5101),MAIN,EVERGREEN FIBREBOARD BERHAD,Wood & Wood Products ,270.86m,0.32,-,0.00,-3.57
EWEIN (7249),MAIN,EWEIN BERHAD,Property ,307.62m,1.02,275.68,0.00,0.45
EWINT (5283),MAIN,ECO WORLD INTERNATIONAL BERHAD,Property ,876.00m,0.37,-,106.85,-3.49
F&N (3689),MAIN,FRASER & NEAVE HOLDINGS BHD,Food & Beverages ,11.025b,30.06,21.67,2.56,14.29
FACBIND (2984),MAIN,FACB INDUSTRIES INCORPORATED BERHAD,Metals ,102.20m,1.20,13.04,3.58,3.52
FAJAR (7047),MAIN,FAJARBARU BUILDER GROUP BHD,Construction ,256.92m,0.35,56.56,1.45,1.17
FAREAST (5029),MAIN,FAR EAST HOLDINGS BERHAD,Plantation ,2.138b,3.60,21.56,5.00,7.17
FARLIM (6041),MAIN,FARLIM GROUP (MALAYSIA) BHD,Property ,40.41m,0.24,-,0.00,-5.01
FAST (0084),ACE,FAST ENERGY HOLDINGS BERHAD,"Industrial Materials, Components & Equipment ",30.14m,0.07,-,0.00,-13.30
FAVCO (7229),MAIN,FAVELLE FAVCO BERHAD,Industrial Engineering ,503.02m,2.14,9.86,41.59,6.62
FBBHD (03026),LEAP,FIBROMAT (M) BERHAD,Industrial Services ,75.60m,0.35,-,2.86,-
FCW (2755),MAIN,FCW HOLDINGS BERHAD,Household Goods ,257.49m,1.03,-,0.00,-
FFB (5306),MAIN,FARM FRESH BERHAD,Food & Beverages ,2.677b,1.43,60.08,0.70,6.80
FGV (5222),MAIN,FGV HOLDINGS BERHAD,Plantation ,5.034b,1.38,48.94,2.17,1.72
FIAMMA (6939),MAIN,FIAMMA HOLDINGS BERHAD,Household Goods ,567.34m,1.07,-,0.00,-
FIBON (0149),MAIN,FIBON BERHAD,"Industrial Materials, Components & Equipment ",45.57m,0.47,8.49,2.69,8.84
FIHB (8605),MAIN,FEDERAL INTERNATIONAL HOLDINGS BERHAD,Household Goods ,58.71m,0.41,4.86,1.48,8.37
FIMACOR (3107),MAIN,FIMA CORPORATION BERHAD,Industrial Services ,439.02m,1.79,24.66,6.98,3.08
FINTEC (0150),ACE,FINTEC GLOBAL BERHAD,Other Financials ,59.27m,0.01,8.33,0.00,3.08
FITTERS (9318),MAIN,FITTERS DIVERSIFIED BERHAD,"Industrial Materials, Components & Equipment ",117.71m,0.05,-,0.00,-7.34
FLBHD (5197),MAIN,FOCUS LUMBER BERHAD,Wood & Wood Products ,112.91m,0.49,-,4.08,-4.33
FLEXI (0231),ACE,FLEXIDYNAMIC HOLDINGS BERHAD,Industrial Services ,59.94m,0.20,66.67,0.00,2.31
FM (7210),MAIN,FM GLOBAL LOGISTICS HOLDINGS BERHAD,Transportation & Logistics Services ,335.07m,0.60,9.93,6.67,8.75
FOCUS (0116),ACE,FOCUS DYNAMICS GROUP BERHAD,"Travel, Leisure & Hospitality ",63.72m,0.01,-,0.00,-
FOCUSP (0157),MAIN,FOCUS POINT HOLDINGS BERHAD,Personal Goods ,323.40m,0.70,10.72,4.29,25.61
FPGROUP (5277),MAIN,FOUNDPAC GROUP BERHAD,"Industrial Materials, Components & Equipment ",199.60m,0.37,29.44,4.11,6.29
FPI (9172),MAIN,FORMOSA PROSONIC INDUSTRIES BERHAD,Household Goods ,812.31m,3.15,6.92,7.30,21.46
FRONTKN (0128),MAIN,FRONTKEN CORPORATION BERHAD,Semiconductors ,6.084b,3.85,54.38,1.09,17.27
FSBM (9377),MAIN,FSBM HOLDINGS BERHAD,Technology Equipment ,147.56m,0.31,76.25,0.00,8.00
G3 (7184),MAIN,G3 GLOBAL BERHAD,Personal Goods ,94.34m,0.03,41.67,0.00,3.00
GADANG (9261),MAIN,GADANG HOLDINGS BHD,Construction ,316.71m,0.44,-,0.00,-3.13
GAMUDA (5398),MAIN,GAMUDA BERHAD,Construction ,14.340b,5.18,16.31,2.32,7.54
GASMSIA (5209),MAIN,GAS MALAYSIA BERHAD,"Gas, Water & Multi-utilities ",4.481b,3.49,11.69,6.52,28.04
GBAY (9148),MAIN,GREATER BAY HOLDINGS BERHAD,Packaging Materials ,50.85m,0.63,-,0.00,-19.57
GBGAQRS (5226),MAIN,GABUNGAN AQRS BERHAD,Construction ,195.82m,0.36,-,0.00,-
GCAP (7676),MAIN,G CAPITAL BERHAD,Transportation & Logistics Services ,123.59m,0.38,-,0.00,-9.65
GCB (5102),MAIN,GUAN CHONG BERHAD,Food & Beverages ,2.949b,2.51,29.19,1.39,5.76
GCE (5592),MAIN,GRAND CENTRAL ENTERPRISES BHD,"Travel, Leisure & Hospitality ",66.98m,0.34,-,0.00,-3.39
GDB (0198),MAIN,GDB HOLDINGS BERHAD,Construction ,253.13m,0.27,31.40,0.00,4.78
GDEX (0078),MAIN,GDEX BERHAD,Transportation & Logistics Services ,987.25m,0.18,-,0.86,-7.75
GENETEC (0104),MAIN,GENETEC TECHNOLOGY BERHAD,Technology Equipment ,1.581b,2.04,-,0.00,-
GENM (4715),MAIN,GENTING MALAYSIA BERHAD,"Travel, Leisure & Hospitality ",16.151b,2.72,36.96,5.51,3.26
GENP (2291),MAIN,GENTING PLANTATIONS BERHAD,Plantation ,5.519b,6.15,21.77,3.41,4.75
GENTING (3182),MAIN,GENTING BERHAD,"Travel, Leisure & Hospitality ",18.338b,4.73,19.73,3.17,2.74
GESHEN (7197),MAIN,GE-SHEN CORPORATION BERHAD,"Industrial Materials, Components & Equipment ",457.65m,3.64,54.49,0.00,5.52
GFM (0039),ACE,GFM SERVICES BERHAD,Industrial Services ,288.60m,0.38,10.50,4.05,19.05
GHLSYS (0021),MAIN,GHL SYSTEMS BERHAD,Digital Services ,702.02m,0.62,24.40,4.07,5.28
GIIB (7192),MAIN,GIIB HOLDINGS BERHAD,Auto Parts ,47.30m,0.08,-,0.00,-
GKENT (3204),MAIN,GEORGE KENT (MALAYSIA) BERHAD,Construction ,264.74m,0.47,-,4.26,-1.64
GLBHD (7382),MAIN,GOLDEN LAND BERHAD,Plantation ,59.07m,0.27,-,0.00,-3.99
GLOMAC (5020),MAIN,GLOMAC BERHAD,Property ,304.03m,0.38,13.67,3.29,1.79
GLOTEC (5220),MAIN,GLOBALTEC FORMATION BERHAD,"Industrial Materials, Components & Equipment ",138.60m,0.52,17.76,2.14,2.80
GLXT (0284),ACE,GLOSTREXT BERHAD,Industrial Services ,77.34m,0.19,-,2.63,-
GMUTUAL (9962),MAIN,GROMUTUAL BERHAD,Property ,116.44m,0.31,7.42,3.23,3.98
GOB (1147),MAIN,GLOBAL ORIENTAL BERHAD,Property ,86.39m,0.19,-,0.00,-0.38
GOCEAN (0074),ACE,GREEN OCEAN CORPORATION BERHAD,Food & Beverages ,29.56m,0.14,-,0.00,-
GOINNO (03028),LEAP,GO INNOVATE ASIA BERHAD,Metals ,45.00m,0.15,-,0.00,-
GOLDETF (0828EA),ETF,TRADEPLUS SHARIAH GOLD TRACKER,Commodity Fund ,77.05m,3.38,-,0.00,-
GOPENG (2135),MAIN,GOPENG BERHAD,Plantation ,135.17m,0.34,-,2.99,-0.22
GPACKET (0082),MAIN,GREEN PACKET BERHAD,Telecommunications Service Providers ,80.11m,0.04,-,0.00,-
GPHAROS (5649),MAIN,GOLDEN PHAROS BERHAD,Wood & Wood Products ,71.80m,0.51,2.94,9.02,26.27
GPP (03029),LEAP,GPP RESOURCES BERHAD,Industrial Services ,43.43m,0.28,-,0.00,-
GREATEC (0208),MAIN,GREATECH TECHNOLOGY BERHAD,Technology Equipment ,5.870b,4.68,38.02,0.00,20.55
GREENYB (0136),MAIN,GREENYIELD BERHAD,Agricultural Products ,108.46m,0.20,-,0.00,-7.24
GTRONIC (7022),MAIN,GLOBETRONICS TECHNOLOGY BERHAD,Semiconductors ,985.56m,1.46,37.34,4.11,8.50
GUH (3247),MAIN,GUH HOLDINGS BERHAD,"Industrial Materials, Components & Equipment ",104.37m,0.37,-,0.00,-3.42
GUOCO (1503),MAIN,GUOCOLAND (MALAYSIA) BERHAD,Property ,539.35m,0.77,15.59,2.60,2.48
HAILY (0237),ACE,HAILY GROUP BERHAD,Construction ,91.84m,0.52,12.50,2.17,8.58
HANDAL (7253),MAIN,HANDAL ENERGY BERHAD,"Energy Infrastructure, Equipment & Services ",33.60m,0.09,-,0.00,-
HAPSENG (3034),MAIN,HAP SENG CONSOLIDATED BERHAD,Diversified Industrials ,11.129b,4.47,13.90,5.59,10.17
HARBOUR (2062),MAIN,HARBOUR-LINK GROUP BERHAD,Transportation & Logistics Services ,480.48m,1.20,4.84,5.00,12.90
HARISON (5008),MAIN,HARRISONS HOLDINGS (MALAYSIA) BERHAD,Food & Beverages ,617.09m,9.01,9.34,5.55,14.73
HARNLEN (7501),MAIN,HARN LEN CORPORATION BHD,Plantation ,219.09m,0.38,-,0.00,-
HARTA (5168),MAIN,HARTALEGA HOLDINGS BERHAD,Health Care Equipment & Services ,9.494b,2.77,-,0.00,-6.54
HBGLOB (5187),MAIN,HB GLOBAL LIMITED,Food & Beverages ,89.93m,0.12,-,0.00,-28.92
HCK (7105),MAIN,HCK CAPITAL GROUP BERHAD,Property ,1.154b,2.12,43.98,0.00,7.30
HEGROUP (0296),ACE,HE GROUP BERHAD,Industrial Services ,235.40m,0.54,-,0.00,-
HEIM (3255),MAIN,HEINEKEN MALAYSIA BERHAD,Food & Beverages ,7.123b,23.58,18.42,5.85,84.24
HEKTAR (5121),MAIN,HEKTAR REAL ESTATE INVESTMENT TRUST,Real Estate Investment Trusts ,452.36m,0.64,9.22,7.81,6.00
HENGYUAN (4324),MAIN,HENGYUAN REFINING COMPANY BERHAD,Oil & Gas Producers ,939.00m,3.13,-,3.19,-34.84
HEVEA (5095),MAIN,HEVEABOARD BERHAD,Wood & Wood Products ,187.36m,0.33,-,3.64,-0.88
HEXCAP (0035),ACE,HEXTAR CAPITAL BERHAD,Telecommunications Equipment ,185.49m,0.42,-,0.00,-
HEXCARE (7803),MAIN,HEXTAR HEALTHCARE BERHAD,Health Care Equipment & Services ,224.10m,0.21,-,0.00,-11.20
HEXIND (0161),ACE,HEXTAR INDUSTRIES BERHAD,"Industrial Materials, Components & Equipment ",989.04m,0.36,23.53,5.56,12.34
HEXRTL (7202),MAIN,HEXTAR RETAIL BERHAD,Household Goods ,170.72m,0.45,145.16,8.15,0.78
HEXTAR (5151),MAIN,HEXTAR GLOBAL BERHAD,Chemicals ,3.447b,0.88,61.62,1.14,20.29
HEXTECH (5136),MAIN,HEXTAR TECHNOLOGIES SOLUTIONS BERHAD,Transportation & Logistics Services ,2.491b,1.21,-,2.07,-0.40
HEXZA (3298),MAIN,HEXZA CORPORATION BERHAD,Chemicals ,197.37m,0.99,28.89,5.08,1.83
HHHCORP (0160),ACE,HIAP HUAT HOLDINGS BERHAD,Industrial Services ,59.87m,0.15,7.69,0.00,8.48
HHRG (0175),ACE,HHRG BERHAD,"Industrial Materials, Components & Equipment ",177.91m,0.21,11.02,0.00,7.75
HIAPTEK (5072),MAIN,HIAP TECK VENTURE BERHAD,Metals ,716.57m,0.41,10.30,1.22,5.38
HIBISCS (5199),MAIN,HIBISCUS PETROLEUM BERHAD,Oil & Gas Producers ,2.085b,2.59,4.62,3.14,15.75
HIGHTEC (7033),MAIN,KUMPULAN H & L HIGH-TECH BERHAD,Industrial Engineering ,107.83m,0.89,11.93,3.39,6.45
HIL (8443),MAIN,HIL INDUSTRIES BERHAD,Chemicals ,303.97m,0.91,7.87,2.20,8.63
HLBANK (5819),MAIN,HONG LEONG BANK BERHAD,Banking ,42.444b,19.58,10.85,3.01,10.41
HLCAP (5274),MAIN,HONG LEONG CAPITAL BERHAD,Other Financials ,1.010b,4.09,16.85,4.16,5.92
HLFG (1082),MAIN,HONG LEONG FINANCIAL GROUP BERHAD,Banking ,19.278b,16.80,6.62,2.92,10.10
HLIND (3301),MAIN,HONG LEONG INDUSTRIES BERHAD,Automotive ,3.463b,10.56,10.64,5.40,14.51
HLT (0188),ACE,HLT GLOBAL BERHAD,"Industrial Materials, Components & Equipment ",120.19m,0.16,-,0.00,-51.18
HM (0060),ACE,HARVEST MIRACLE CAPITAL BERHAD,Technology Equipment ,140.96m,0.12,-,0.00,-2.27
HOHUP (5169),MAIN,HO HUP CONSTRUCTION COMPANY BHD,Construction ,90.70m,0.18,-,0.00,-21.94
HOMERIZ (5160),MAIN,HOMERITZ CORPORATION BERHAD,Household Goods ,252.47m,0.55,8.79,2.94,9.84
HONGSENG (0041),MAIN,HONG SENG CONSOLIDATED BERHAD,Software ,51.08m,0.01,-,0.00,-
HPMT (5291),MAIN,HPMT HOLDINGS BERHAD,"Industrial Materials, Components & Equipment ",106.76m,0.33,16.17,2.00,4.67
HPPHB (0228),ACE,HPP HOLDINGS BERHAD,Packaging Materials ,135.95m,0.35,18.92,4.29,5.97
HSPLANT (5138),MAIN,HAP SENG PLANTATIONS HOLDINGS BERHAD,Plantation ,1.472b,1.84,16.11,3.70,4.68
HSSEB (0185),MAIN,HSS ENGINEERS BERHAD,Industrial Engineering ,579.67m,1.14,28.50,0.81,7.69
HTPADU (5028),MAIN,HEITECH PADU BERHAD,Digital Services ,188.28m,1.86,26.09,0.00,5.70
HUAYANG (5062),MAIN,HUA YANG BERHAD,Property ,147.40m,0.34,21.75,0.00,1.50
HUBLINE (7013),MAIN,HUBLINE BERHAD,Transportation & Logistics Services ,171.60m,0.04,400.00,0.00,0.25
HUMEIND (5000),MAIN,HUME CEMENT INDUSTRIES BERHAD,Building Materials ,1.633b,2.60,9.33,0.77,32.78
HUPSENG (5024),MAIN,HUP SENG INDUSTRIES BERHAD,Food & Beverages ,656.00m,0.82,14.54,4.88,28.20
HWATAI (8478),MAIN,HWA TAI INDUSTRIES BERHAD,Food & Beverages ,40.78m,0.55,-,0.00,-26.71
HWGB (9601),MAIN,HO WAH GENTING BERHAD,"Industrial Materials, Components & Equipment ",44.19m,0.22,-,0.00,-
IBHD (4251),MAIN,I-BERHAD,Property ,427.18m,0.23,36.51,0.87,1.00
IBRACO (5084),MAIN,IBRACO BERHAD,Property ,540.59m,0.99,11.74,2.02,9.62
ICAP (5108),MAIN,ICAPITAL.BIZ BERHAD,Closed End Fund ,429.80m,3.07,222.46,0.00,0.38
ICON (5255),MAIN,ICON OFFSHORE BERHAD,"Energy Infrastructure, Equipment & Services ",446.85m,0.83,91.67,6.06,1.41
ICONIC (9113),MAIN,ICONIC WORLDWIDE BERHAD,"Travel, Leisure & Hospitality ",168.71m,0.10,-,0.00,-8.69
ICTZONE (03038),LEAP,ICT ZONE ASIA BERHAD,Technology Equipment ,126.23m,0.22,-,0.00,-
IDBTECH (03030),LEAP,IDB TECHNOLOGIES BERHAD,Software ,100.00m,0.20,-,1.00,-
IDEAL (9687),MAIN,IDEAL CAPITAL BERHAD,Property ,1.650b,3.30,26.00,0.91,9.68
IFCAMSC (0023),ACE,IFCA MSC BERHAD,Software ,203.78m,0.34,95.71,0.00,1.75
IGBB (5606),MAIN,IGB BERHAD,Property ,3.314b,2.44,10.62,2.87,7.70
IGBCR (5299),MAIN,IGB COMMERCIAL REAL ESTATE INVESTMENT TRUST,Real Estate Investment Trusts ,1.163b,0.49,17.82,7.12,2.83
IGBREIT (5227),MAIN,IGB REAL ESTATE INVESTMENT TRUST,Real Estate Investment Trusts ,6.201b,1.72,11.98,6.09,12.81
IHB (7240),MAIN,INFRAHARTA HOLDINGS BERHAD,Construction ,56.84m,0.14,-,0.00,-31.69
IHH (5225),MAIN,IHH HEALTHCARE BERHAD,Health Care Providers ,53.547b,6.08,18.14,1.48,10.16
IHS046000824 (0401GA),IHSAN SUKUK-ETBS 4.60%0824,Islamic-gg ,-,103.40,-,-,-,
IJM (3336),MAIN,IJM CORPORATION BERHAD,Construction ,8.791b,2.41,27.67,3.32,3.09
ILB (5614),MAIN,ILB GROUP BERHAD,Transportation & Logistics Services ,124.82m,0.64,640.00,0.00,0.09
IMASPRO (7222),MAIN,IMASPRO CORPORATION BERHAD,Chemicals ,93.60m,1.17,27.66,2.99,2.66
INARI (0166),MAIN,INARI AMERTRON BERHAD,Semiconductors ,11.989b,3.19,40.59,2.57,11.12
INCKEN (2607),MAIN,INCH KENNETH KAJANG RUBBER PUBLIC LTD CO,Plantation ,170.40m,0.41,-,0.00,-1.02
INFOM (0265),ACE,INFOMINA BERHAD,Technology Equipment ,931.94m,1.55,19.70,0.00,36.27
INFOTEC (0253),ACE,INFOLINE TEC GROUP BERHAD,Digital Services ,285.13m,0.79,14.81,2.82,33.12
INGENIEU (5178),MAIN,INGENIEUR GUDANG BERHAD,Metals ,212.32m,0.14,11.86,0.00,10.63
INNATURE (5295),MAIN,INNATURE BERHAD,Personal Goods ,201.18m,0.29,19.13,3.51,7.23
INNITY (0147),ACE,INNITY CORPORATION BERHAD,Media ,57.16m,0.41,-,0.00,-0.85
INNO (6262),MAIN,INNOPRISE PLANTATIONS BERHAD,Plantation ,703.92m,1.47,13.17,6.80,17.17
INSAS (3379),MAIN,INSAS BERHAD,Other Financials ,734.99m,1.06,7.20,2.36,4.12
INTA (0192),MAIN,INTA BINA GROUP BERHAD,Construction ,188.72m,0.35,8.25,4.29,13.46
IOICORP (1961),MAIN,IOI CORPORATION BERHAD,Plantation ,25.015b,3.98,28.61,2.76,7.48
IOIPG (5249),MAIN,IOI PROPERTIES GROUP BERHAD,Property ,11.948b,2.17,18.48,2.30,2.89
IQGROUP (5107),MAIN,IQ GROUP HOLDINGS BERHAD,Household Goods ,67.34m,0.77,16.11,0.00,3.25
IQZAN (7183),MAIN,IQZAN HOLDING BERHAD,Packaging Materials ,1.11m,0.01,-,0.00,-63.77
IREKA (8834),MAIN,IREKA CORPORATION BERHAD,Construction ,68.34m,0.30,-,0.00,-
IRIS (0010),ACE,IRIS CORPORATION BERHAD,Software ,248.80m,0.31,7.33,0.00,36.17
ITMAX (5309),MAIN,ITMAX SYSTEM BERHAD,Digital Services ,2.429b,2.36,38.37,0.51,18.64
ITRONIC (9393),MAIN,INDUSTRONICS BERHAD,Technology Equipment ,35.38m,0.05,-,0.00,-
IVORY (5175),MAIN,IVORY PROPERTIES GROUP BERHAD,Property ,34.31m,0.07,-,0.00,-74.41
IWCITY (1589),MAIN,ISKANDAR WATERFRONT CITY BERHAD,Property ,750.72m,0.82,-,0.00,-0.85
JADEM (7043),MAIN,JADE MARVEL GROUP BERHAD,Building Materials ,79.85m,0.18,-,0.00,-7.51
JADI (7223),MAIN,JADI IMAGING HOLDINGS BERHAD,Consumer Services ,76.97m,0.06,-,0.00,-29.33
JAG (0024),ACE,JAG BERHAD,Industrial Services ,202.92m,0.32,160.00,0.00,0.01
JAKS (4723),MAIN,JAKS RESOURCES BERHAD,Construction ,343.63m,0.15,21.97,0.00,0.99
JASKITA (8648),MAIN,JASA KITA BERHAD,"Industrial Materials, Components & Equipment ",60.69m,0.14,-,0.00,-0.57
JAYCORP (7152),MAIN,JAYCORP BERHAD,Household Goods ,209.99m,0.77,12.07,7.84,8.93
JCBNEXT (0058),MAIN,JCBNEXT BERHAD,Industrial Services ,211.25m,1.60,5.95,3.75,9.70
JCY (5161),MAIN,JCY INTERNATIONAL BERHAD,Technology Equipment ,552.95m,0.26,-,0.00,-8.83
JETSON (9083),MAIN,KUMPULAN JETSON BERHAD,Auto Parts ,68.33m,0.26,-,0.00,-
JFTECH (0146),MAIN,JF TECHNOLOGY BERHAD,Technology Equipment ,834.35m,0.90,90.91,1.11,6.88
JHM (0127),MAIN,JHM CONSOLIDATION BERHAD,Semiconductors ,342.39m,0.57,23.64,0.00,4.51
JIANKUN (8923),MAIN,JIANKUN INTERNATIONAL BERHAD,Property ,88.92m,0.18,-,0.00,-
JISHAN (03040),LEAP,JISHAN BERHAD,Packaging Materials ,122.28m,0.52,-,0.00,-
JKGLAND (6769),MAIN,JKG LAND BERHAD,Property ,227.49m,0.10,11.24,0.00,3.56
JOE (7096),MAIN,JOE HOLDING BERHAD,Auto Parts ,71.89m,0.24,-,0.00,-1.49
JOHAN (3441),MAIN,JOHAN HOLDINGS BERHAD,Other Financials ,58.40m,0.05,-,0.00,-17.85
JSB (5673),MAIN,JENTAYU SUSTAINABLES BERHAD,Industrial Services ,432.36m,0.99,-,0.00,-16.59
JTGROUP (0292),ACE,JATI TINGGI GROUP BERHAD,Construction ,129.29m,0.33,-,0.00,-
JTIASA (4383),MAIN,JAYA TIASA HOLDINGS BHD,Plantation ,1.353b,1.39,7.30,2.30,12.20
K1 (0111),ACE,K-ONE TECHNOLOGY BERHAD,Technology Equipment ,128.96m,0.16,387.50,0.00,0.29
KAB (0193),MAIN,KINERGY ADVANCEMENT BERHAD,Industrial Engineering ,695.25m,0.35,24.31,0.00,13.09
KAMDAR (8672),MAIN,KAMDAR GROUP (M) BERHAD,Retailers ,33.66m,0.17,-,0.00,-3.41
KANGER (0170),ACE,KANGER INTERNATIONAL BERHAD,Household Goods ,43.89m,0.06,-,0.00,-
KAREX (5247),MAIN,KAREX BERHAD,Personal Goods ,848.04m,0.81,45.22,0.62,3.96
KARYON (0054),MAIN,KARYON INDUSTRIES BERHAD,Chemicals ,85.63m,0.18,14.17,1.94,5.08
KAWAN (7216),MAIN,KAWAN FOOD BERHAD,Food & Beverages ,650.55m,1.79,21.59,2.35,7.68
KEINHIN (7199),MAIN,KEIN HING INTERNATIONAL BERHAD,Metals ,140.48m,1.29,9.54,1.55,8.50
KEN (7323),MAIN,KEN HOLDINGS BERHAD,Property ,120.78m,0.63,11.05,0.00,2.85
KENANGA (6483),MAIN,KENANGA INVESTMENT BANK BERHAD,Other Financials ,779.91m,1.06,10.74,6.60,6.67
KERJAYA (7161),MAIN,KERJAYA PROSPEK GROUP BERHAD,Construction ,2.268b,1.79,17.15,4.47,11.47
KESM (9334),MAIN,KESM INDUSTRIES BERHAD,Semiconductors ,267.12m,6.21,1444.19,0.97,0.05
KEYASIC (0143),MAIN,KEY ASIC BERHAD,Semiconductors ,62.91m,0.05,-,0.00,-9.52
KEYFIELD (5321),MAIN,KEYFIELD INTERNATIONAL BERHAD,Semiconductors ,-,0.00,-,-,-
KFIMA (6491),MAIN,KUMPULAN FIMA BERHAD,Diversified Industrials ,575.75m,2.04,9.15,5.88,6.70
KGB (0151),MAIN,KELINGTON GROUP BERHAD,Industrial Engineering ,1.829b,2.74,17.82,1.46,29.41
KGROUP (0036),ACE,KEY ALLIANCE GROUP BERHAD,Technology Equipment ,36.78m,0.01,-,0.00,-20.74
KGW (0282),ACE,KGW GROUP BERHAD,Transportation & Logistics Services ,79.66m,0.17,-,0.00,-
KHEESAN (6203),MAIN,KHEE SAN BERHAD,Food & Beverages ,22.65m,0.17,10.25,0.00,-
KHIND (7062),MAIN,KHIND HOLDINGS BERHAD,Household Goods ,110.56m,2.63,15.44,3.04,3.36
KHJB (0210),ACE,KIM HIN JOO (MALAYSIA) BERHAD,Retailers ,60.80m,0.16,-,3.75,-1.04
KIALIM (6211),MAIN,KIA LIM BERHAD,Building Materials ,48.00m,0.78,9.85,0.00,9.56
KIMHIN (5371),MAIN,KIM HIN INDUSTRY BERHAD,Building Materials ,85.59m,0.55,-,0.00,-11.56
KIMLUN (5171),MAIN,KIMLUN CORPORATION BERHAD,Construction ,346.32m,0.98,49.00,1.02,0.99
KIPREIT (5280),MAIN,KIP REAL ESTATE INVESTMENT TRUST,Real Estate Investment Trusts ,553.67m,0.90,8.53,6.93,9.68
KITACON (5310),MAIN,KUMPULAN KITACON BERHAD,Construction ,325.00m,0.65,8.94,3.08,12.32
KJTS (0293),ACE,KJTS GROUP BERHAD,Industrial Services ,457.52m,0.67,-,0.00,-
KKB (9466),MAIN,KKB ENGINEERING BERHAD,Industrial Engineering ,482.17m,1.67,18.11,3.59,6.54
KLCC (5235SS),MAIN,KLCC PROPERTY HOLDINGS BERHAD,Real Estate Investment Trusts ,13.432b,7.44,14.42,5.44,6.98
KLCI1XI (0835EA),ETF,KENANGA KLCI DAILY (-1X) INVERSE ETF,N/A,-,1.80,-,-,-
KLCI2XL (0834EA),ETF,KENANGA KLCI DAILY 2X LEVERAGED ETF,N/A,-,1.93,-,-,-
KLK (2445),MAIN,KUALA LUMPUR KEPONG BERHAD,Plantation ,24.947b,22.70,40.36,2.64,4.29
KLUANG (2453),MAIN,KLUANG RUBBER COMPANY (MALAYA) BERHAD,Plantation ,288.06m,4.56,10.18,0.59,3.88
KMLOONG (5027),MAIN,KIM LOONG RESOURCES BERHAD,Plantation ,2.127b,2.18,14.40,6.88,17.01
KNM (7164),MAIN,KNM GROUP BERHAD,Other Energy Resources ,343.90m,0.09,-,0.00,-
KNUSFOR (5035),MAIN,KNUSFORD BERHAD,Industrial Services ,81.71m,0.82,8.44,0.00,4.27
KOBAY (6971),MAIN,KOBAY TECHNOLOGY BERHAD,"Industrial Materials, Components & Equipment ",538.20m,1.65,40.94,1.21,3.36
KOMARK (7017),MAIN,KOMARKCORP BERHAD,Packaging Materials ,34.64m,0.15,-,0.00,-
KOSSAN (7153),MAIN,KOSSAN RUBBER INDUSTRIES BERHAD,Health Care Equipment & Services ,5.065b,1.98,353.57,1.01,0.37
KOTRA (0002),MAIN,KOTRA INDUSTRIES BERHAD,Pharmaceuticals ,710.42m,4.79,12.72,5.32,20.36
KPJ (5878),MAIN,KPJ HEALTHCARE BERHAD,Health Care Providers ,8.646b,1.91,32.93,1.75,10.94
KPPROP (7077),MAIN,KERJAYA PROSPEK PROPERTY BERHAD,Property ,437.52m,0.81,4.74,3.70,9.13
KPS (5843),MAIN,KUMPULAN PERANGSANG SELANGOR BERHAD,Diversified Industrials ,437.97m,0.82,50.31,8.59,0.82
KPSCB (9121),MAIN,KPS CONSORTIUM BERHAD,Wood & Wood Products ,91.06m,0.56,5.24,0.00,5.16
KRETAM (1996),MAIN,KRETAM HOLDINGS BERHAD,Plantation ,1.420b,0.61,13.12,2.46,11.95
KRONO (0176),ACE,KRONOLOGI ASIA BERHAD,Digital Services ,315.39m,0.36,38.59,0.00,1.48
KSENG (3476),MAIN,KECK SENG (MALAYSIA) BERHAD,Diversified Industrials ,2.078b,5.75,8.63,2.43,8.74
KSL (5038),MAIN,KSL HOLDINGS BERHAD,Property ,1.556b,1.50,3.75,0.00,10.95
KSSC (5192),MAIN,K.SENG SENG CORPORATION BERHAD,"Industrial Materials, Components & Equipment ",142.77m,0.95,-,0.00,-12.16
KTC (0180),MAIN,KIM TECK CHEONG CONSOLIDATED BERHAD,Consumer Services ,150.01m,0.22,7.05,0.00,10.76
KUB (6874),MAIN,KUB MALAYSIA BERHAD,Industrial Services ,328.31m,0.59,10.55,3.39,6.01
KUCHAI (2186),MAIN,KUCHAI DEVELOPMENT BERHAD,Other Financials ,210.37m,1.70,6.45,1.47,9.21
KYM (8362),MAIN,KYM HOLDINGS BERHAD,Packaging Materials ,63.33m,0.42,4.81,0.00,11.81
L&G (3174),MAIN,LAND & GENERAL BERHAD,Property ,386.51m,0.13,10.83,4.62,3.14
L&PBHD (0268),MAIN,L&P GLOBAL BERHAD,Industrial Services ,210.00m,0.38,10.16,3.47,20.50
LAGENDA (7179),MAIN,LAGENDA PROPERTIES BERHAD,Property ,1.273b,1.52,8.31,4.28,13.86
LAMBO (0018),ACE,LAMBO GROUP BERHAD,Software ,46.21m,0.03,-,0.00,-3.43
LANDMRK (1643),MAIN,LANDMARKS BERHAD,"Travel, Leisure & Hospitality ",134.30m,0.20,-,0.00,-0.03
LAYHONG (9385),MAIN,LAY HONG BERHAD,Agricultural Products ,312.80m,0.42,4.13,0.71,14.34
LBALUM (9326),MAIN,LB ALUMINIUM BERHAD,Metals ,206.55m,0.48,8.04,5.26,6.42
LBICAP (8494),MAIN,LBI CAPITAL BERHAD,Property ,59.66m,0.53,-,3.77,-1.06
LBS (5789),MAIN,LBS BINA GROUP BERHAD,Property ,1.130b,0.72,8.05,3.40,9.41
LCTITAN (5284),MAIN,LOTTE CHEMICAL TITAN HOLDING BERHAD,Chemicals ,2.590b,1.12,-,0.00,-6.68
LEBTECH (9628),MAIN,LEBTECH BERHAD,Construction ,107.82m,0.79,-,0.00,-
LEESK (8079),MAIN,LEE SWEE KIAT GROUP BERHAD,Household Goods ,152.71m,0.91,11.19,3.85,17.30
LEFORM (0266),ACE,LEFORM BERHAD,Metals ,236.96m,0.16,-,5.62,-2.29
LEONFB (5232),MAIN,LEON FUAT BERHAD,Metals ,182.44m,0.54,5.07,2.80,6.10
LFECORP (7170),MAIN,LFE CORPORATION BERHAD,Industrial Engineering ,188.47m,0.17,15.89,0.00,9.73
LGMS (0249),ACE,LGMS BERHAD,Digital Services ,437.76m,0.96,39.02,1.35,12.95
LHI (6633),MAIN,LEONG HUP INTERNATIONAL BERHAD,Agricultural Products ,2.172b,0.60,7.19,5.04,13.49
LIENHOE (3573),MAIN,LIEN HOE CORPORATION BERHAD,Property ,103.10m,0.29,-,0.00,-5.59
LIIHEN (7089),MAIN,LII HEN INDUSTRIES BHD.,Household Goods ,550.80m,1.02,9.51,5.98,10.61
LIONIND (4235),MAIN,LION INDUSTRIES CORPORATION BERHAD,Metals ,215.37m,0.30,-,0.00,-35.11
LIONPSIM (8486),MAIN,LION POSIM BERHAD,Industrial Services ,94.94m,0.41,7.37,0.00,1.66
LKL (0182),ACE,LKL INTERNATIONAL BERHAD,Health Care Equipment & Services ,44.63m,0.12,-,3.04,-4.09
LOTUS (8303),MAIN,LOTUS KFM BERHAD,Food & Beverages ,189.30m,0.19,77.08,0.00,3.00
LPI (8621),MAIN,LPI CAPITAL BHD,Insurance ,4.836b,12.14,15.42,5.44,13.76
LSH (03047),LEAP,LIM SEONG HAI CAPITAL BERHAD,Construction ,621.60m,0.88,-,4.01,-
LSTEEL (9881),MAIN,LEADER STEEL HOLDINGS BERHAD,Metals ,78.56m,0.49,4.14,3.06,5.53
LTKM (7085),MAIN,LTKM BERHAD,Agricultural Products ,208.95m,1.46,4.18,0.00,17.93
LUSTER (5068),MAIN,LUSTER INDUSTRIES BHD.,"Industrial Materials, Components & Equipment ",226.70m,0.08,107.14,0.00,0.78
LUXCHEM (5143),MAIN,LUXCHEM CORPORATION BERHAD,Chemicals ,583.08m,0.55,15.75,2.57,6.07
LYC (0075),ACE,LYC HEALTHCARE BERHAD,Health Care Providers ,128.69m,0.18,-,0.00,-39.50
LYSAGHT (9199),MAIN,LYSAGHT GALVANIZED STEEL BERHAD,Metals ,103.12m,2.48,9.17,1.21,6.26
M&A (7082),MAIN,M & A EQUITY HOLDINGS BERHAD,Other Financials ,701.39m,0.35,-,0.00,-
M&G (5078),MAIN,MARINE & GENERAL BERHAD,Transportation & Logistics Services ,206.31m,0.29,3.41,0.00,52.97
MAA (1198),MAIN,MAA GROUP BERHAD,Insurance ,100.22m,0.38,-,0.00,-5.08
MAG (0095),ACE,MAG HOLDINGS BERHAD,Food & Beverages ,305.46m,0.19,9.02,0.54,4.18
MAGMA (7243),MAIN,MAGMA GROUP BERHAD,Food & Beverages ,203.23m,0.22,-,0.00,-11.98
MAGNA (7617),MAIN,MAGNA PRIMA BERHAD,Property ,224.81m,0.56,-,0.00,-43.48
MAGNI (7087),MAIN,MAGNI-TECH INDUSTRIES BERHAD,Personal Goods ,954.69m,2.20,7.97,4.09,13.66
MAGNUM (3859),MAIN,MAGNUM BERHAD,"Travel, Leisure & Hospitality ",1.625b,1.13,-,5.31,-
MAHSING (8583),MAIN,MAH SING GROUP BERHAD,Property ,3.043b,1.22,14.14,3.28,5.68
MALAKOF (5264),MAIN,MALAKOFF CORPORATION BERHAD,Electricity ,3.200b,0.64,-,8.20,-19.23
MALPAC (4936),MAIN,MALPAC HOLDINGS BERHAD,Plantation ,77.25m,1.03,-,0.00,-0.23
MALTON (6181),MAIN,MALTON BERHAD,Property ,213.90m,0.41,-,0.00,-
MANULFE (1058),MAIN,MANULIFE HOLDINGS BERHAD,Insurance ,423.57m,1.93,5.44,3.63,6.13
MARCO (3514),MAIN,MARCO HOLDINGS BERHAD,Personal Goods ,200.32m,0.19,12.18,21.05,8.21
MASTEEL (5098),MAIN,MALAYSIA STEEL WORKS (KL) BHD,Metals ,220.71m,0.33,92.86,0.00,0.28
MASTER (7029),MAIN,MASTER-PACK GROUP BERHAD,Packaging Materials ,202.09m,3.70,7.95,3.24,14.97
MATANG (0189),ACE,MATANG BERHAD,Plantation ,203.08m,0.09,70.83,1.88,1.20
MATRIX (5236),MAIN,MATRIX CONCEPTS HOLDINGS BERHAD,Property ,2.315b,1.85,9.55,4.46,11.60
MAXIM (4022),MAIN,MAXIM GLOBAL BERHAD,Property ,294.11m,0.40,55.56,5.00,1.07
MAXIS (6012),MAIN,MAXIS BERHAD,Telecommunications Service Providers ,26.786b,3.42,26.97,4.68,17.37
MAYBANK (1155),MAIN,MALAYAN BANKING BERHAD,Banking ,117.411b,9.73,12.56,6.17,9.87
MAYBULK (5077),MAIN,MALAYSIAN BULK CARRIERS BERHAD,Transportation & Logistics Services ,300.00m,0.30,6.05,5.00,9.50
MAYU (7099),MAIN,MAYU GLOBAL GROUP BERHAD,Metals ,126.46m,0.29,19.00,0.00,1.34
MBL (5152),MAIN,MUAR BAN LEE GROUP BERHAD,"Industrial Materials, Components & Equipment ",111.88m,0.45,5.83,0.00,7.57
MBMR (5983),MAIN,MBM RESOURCES BHD,Automotive ,1.818b,4.65,5.43,9.25,15.70
MBN (0280),ACE,MYMBN BERHAD,Consumer Services ,61.76m,0.16,-,0.00,-
MBRIGHT (2097),MAIN,META BRIGHT GROUP BERHAD,"Travel, Leisure & Hospitality ",375.81m,0.15,39.47,0.00,3.80
MBSB (1171),MAIN,MALAYSIA BUILDING SOCIETY BERHAD,Other Financials ,6.537b,0.80,13.29,10.69,5.00
MCEHLDG (7004),MAIN,MCE HOLDINGS BERHAD,Auto Parts ,198.93m,1.61,11.68,1.71,13.60
MCEMENT (3794),MAIN,MALAYAN CEMENT BERHAD,Building Materials ,6.426b,4.90,17.84,1.22,5.92
MCLEAN (0167),ACE,MCLEAN TECHNOLOGIES BERHAD,Industrial Services ,41.41m,0.21,-,0.00,-28.71
MCOM (03022),LEAP,MCOM HOLDINGS BERHAD,Digital Services ,39.15m,0.20,-,0.00,-
MEDIA (4502),MAIN,MEDIA PRIMA BERHAD,Media ,488.05m,0.44,-,3.41,-
MEDIAC (5090),MAIN,MEDIA CHINESE INTERNATIONAL LIMITED,Media ,210.90m,0.13,-,5.36,-5.86
MELATI (5129),MAIN,MELATI EHSAN HOLDINGS BERHAD,Construction ,62.40m,0.52,-,1.92,-
MELEWAR (3778),MAIN,MELEWAR INDUSTRIAL GROUP BERHAD,Metals ,91.66m,0.26,-,0.00,-1.40
MENANG (1694),MAIN,MENANG CORPORATION (M) BERHAD,Property ,315.91m,0.61,15.88,0.00,5.01
MENTIGA (5223),MAIN,MENTIGA CORPORATION BERHAD,Wood & Wood Products ,40.25m,0.58,-,0.00,-5.01
MERCURY (8192),MAIN,MERCURY INDUSTRIES BERHAD,Construction ,64.30m,1.00,-,0.00,-
MERIDIAN (5040),MAIN,MERIDIAN BERHAD,Property ,9.14m,0.04,-,0.00,-
MERSEC (0285),ACE,MERCURY SECURITIES GROUP BERHAD,Other Financials ,348.27m,0.39,-,1.28,-
MESB (7234),MAIN,MESB BERHAD,Personal Goods ,62.05m,0.43,5.64,0.00,10.04
MESTRON (0207),MAIN,MESTRON HOLDINGS BERHAD,Metals ,320.25m,0.32,25.60,0.47,9.62
METROD (6149),MAIN,METROD HOLDINGS BERHAD,Metals ,156.00m,1.30,13.47,4.62,2.15
MFCB (3069),MAIN,MEGA FIRST CORPORATION BERHAD,Electricity ,4.280b,4.33,11.15,1.91,11.98
MFGROUP (03015),LEAP,MANFORCE GROUP BERHAD,Consumer Services ,76.80m,0.24,-,0.00,-
MFLOUR (3662),MAIN,MALAYAN FLOUR MILLS BERHAD,Food & Beverages ,817.84m,0.66,-,4.55,-0.41
MGB (7595),MAIN,MGB BERHAD,Construction ,470.36m,0.80,9.64,1.02,8.78
MGRC (0155),ACE,MALAYSIAN GENOMICS RESOURCE CENTRE BERHAD,Health Care Equipment & Services ,59.00m,0.43,-,0.00,-
MHB (5186),MAIN,MALAYSIA MARINE AND HEAVY ENGINEERING HOLDINGS BERHAD,"Energy Infrastructure, Equipment & Services ",760.00m,0.48,-,3.16,-38.21
MHC (5026),MAIN,MHC PLANTATIONS BHD,Plantation ,210.30m,1.07,9.55,6.54,6.88
MHCARE (03005),LEAP,METRO HEALTHCARE BERHAD,Health Care Providers ,382.36m,0.62,-,1.16,-
MI (5286),MAIN,MI TECHNOVATION BERHAD,Technology Equipment ,1.638b,1.82,29.69,2.20,5.11
MICROLN (0126),MAIN,MICROLINK SOLUTIONS BERHAD,Digital Services ,348.53m,0.33,66.33,1.54,2.33
MIECO (5001),MAIN,MIECO CHIPBOARD BERHAD,Wood & Wood Products ,650.00m,0.65,-,0.00,-19.52
MIKROMB (0112),ACE,MIKRO MSC BERHAD,Technology Equipment ,236.17m,0.22,8.63,0.23,9.66
MILUX (7935),MAIN,MILUX CORPORATION BERHAD,Household Goods ,119.88m,0.51,-,0.00,-12.06
MINETEC (7219),MAIN,MINETECH RESOURCES BERHAD,Building Materials ,285.57m,0.16,-,0.00,-9.20
MINHO (5576),MAIN,MINHO (M) BERHAD,Wood & Wood Products ,107.02m,0.30,18.75,0.00,1.43
MINOX (0288),ACE,MINOX INTERNATIONAL GROUP BERHAD,"Industrial Materials, Components & Equipment ",99.00m,0.28,-,0.00,-
MISC (3816),MAIN,MISC BERHAD,Transportation & Logistics Services ,34.728b,7.78,16.35,4.63,5.41
MITRA (9571),MAIN,MITRAJAYA HOLDINGS BERHAD,Construction ,205.68m,0.27,14.56,1.89,1.82
MJPERAK (8141),MAIN,MAJUPERAK HOLDINGS BERHAD,Property ,91.01m,0.32,-,0.00,-6.17
MKH (6114),MAIN,MKH BERHAD,Property ,815.30m,1.39,9.16,2.88,4.69
MKLAND (8893),MAIN,MK LAND HOLDINGS BERHAD,Property ,247.49m,0.21,20.30,0.00,0.98
MLAB (0085),ACE,MLABS SYSTEMS BERHAD,Technology Equipment ,14.13m,0.20,-,0.00,-191.57
MMAG (0034),ACE,MMAG HOLDINGS BERHAD,Digital Services ,322.18m,0.19,-,0.00,-39.29
MMIS (03027),LEAP,MMIS BERHAD,"Industrial Materials, Components & Equipment ",300.00m,0.50,-,0.00,-
MMSV (0113),MAIN,MMS VENTURES BERHAD,Technology Equipment ,101.65m,0.49,-,4.08,-4.52
MNC (0103),ACE,M N C WIRELESS BERHAD,Telecommunications Equipment ,31.92m,0.14,-,0.00,-11.86
MNHLDG (0245),ACE,MN HOLDINGS BERHAD,Construction ,282.69m,0.64,20.35,0.00,15.60
MNRB (6459),MAIN,MNRB HOLDINGS BERHAD,Insurance ,1.386b,1.77,5.69,2.51,8.74
MOBILIA (0229),MAIN,MOBILIA HOLDINGS BERHAD,Household Goods ,115.50m,0.17,13.98,3.03,11.80
MPAY (0156),ACE,MANAGEPAY SYSTEMS BERHAD,Software ,99.63m,0.12,-,0.00,-
MPHBCAP (5237),MAIN,MPHB CAPITAL BERHAD,Property ,858.00m,1.20,35.29,4.17,1.42
MPI (3867),MAIN,MALAYSIAN PACIFIC INDUSTRIES BERHAD,Semiconductors ,6.704b,31.94,172.00,1.10,1.78
MPIRE (7943),MAIN,MPIRE GLOBAL BERHAD,Household Goods ,40.43m,0.14,-,0.00,-15.50
MPSOL (03019),LEAP,MATRIX PARKING SOLUTION HOLDINGS BERHAD,Consumer Services ,22.29m,0.10,-,1.70,-
MQTECH (0070),ACE,MQ TECHNOLOGY BERHAD,Semiconductors ,22.81m,0.02,-,0.00,-24.75
MRCB (1651),MAIN,MALAYSIAN RESOURCES CORPORATION BERHAD,Property ,2.949b,0.66,29.20,1.52,2.20
MRDIY (5296),MAIN,MR D.I.Y. GROUP (M) BERHAD,Retailers ,14.171b,1.50,25.30,2.13,32.05
MSC (5916),MAIN,MALAYSIA SMELTING CORPORATION BERHAD,Metals ,961.80m,2.29,11.31,3.06,11.25
MSM (5202),MAIN,MSM MALAYSIA HOLDINGS BERHAD,Food & Beverages ,2.299b,3.27,-,0.00,-3.41
MSNIAGA (5011),MAIN,MESINIAGA BERHAD,Digital Services ,90.00m,1.49,23.07,1.68,3.53
MSTGOLF (5316),MAIN,MST GOLF GROUP BERHAD,Retailers ,373.50m,0.46,20.78,2.20,7.55
MTAG (0213),ACE,MTAG GROUP BERHAD,Industrial Services ,310.14m,0.46,13.42,6.59,10.59
MTEC (0295),ACE,MASTER TEC GROUP BERHAD,"Industrial Materials, Components & Equipment ",1.112b,1.09,-,0.64,-
MTOUCHE (0092),ACE,MTOUCHE TECHNOLOGY BERHAD,Telecommunications Service Providers ,41.70m,0.05,-,0.00,-82.59
MTRONIC (0043),MAIN,METRONIC GLOBAL BERHAD,Industrial Services ,22.97m,0.02,-,0.00,-4.42
MUDA (3883),MAIN,MUDA HOLDINGS BERHAD,Packaging Materials ,442.32m,1.45,-,2.76,-2.45
MUDAJYA (5085),MAIN,MUDAJAYA GROUP BERHAD,Construction ,262.63m,0.14,-,0.00,-15.28
MUH (9539),MAIN,MULTI-USAGE HOLDINGS BERHAD,Property ,25.95m,0.46,24.73,0.00,1.29
MUHIBAH (5703),MAIN,MUHIBBAH ENGINEERING (M) BHD,Construction ,702.72m,0.97,-,0.00,-0.62
MUIIND (3891),MAIN,MALAYAN UNITED INDUSTRIES BERHAD,"Travel, Leisure & Hospitality ",193.55m,0.06,-,0.00,-2.32
MUIPROP (3913),MAIN,MUI PROPERTIES BERHAD,Property ,156.63m,0.21,4.71,4.88,9.26
MULPHA (3905),MAIN,MULPHA INTERNATIONAL BERHAD,"Travel, Leisure & Hospitality ",740.60m,2.38,6.76,0.00,3.04
MYCRON (5087),MAIN,MYCRON STEEL BERHAD,Metals ,122.65m,0.38,125.00,0.00,0.20
MYEG (0138),MAIN,MY E.G. SERVICES BERHAD,Digital Services ,5.971b,0.79,12.25,1.80,21.72
MYNEWS (5275),MAIN,MYNEWS HOLDINGS BERHAD,Retailers ,401.44m,0.54,-,0.93,-2.59
MYTECH (7692),MAIN,MYTECH GROUP BERHAD,Metals ,114.12m,0.51,51.52,0.00,5.50
N2N (0108),ACE,N2N CONNECT BERHAD,Software ,267.94m,0.48,19.05,4.17,4.75
NADIBHD (0206),ACE,GAGASAN NADI CERGAS BERHAD,Construction ,210.84m,0.28,93.33,0.00,0.51
NAIM (5073),MAIN,NAIM HOLDINGS BERHAD,Property ,452.14m,0.88,12.90,0.00,2.69
NATGATE (0270),ACE,NATIONGATE HOLDINGS BERHAD,"Industrial Materials, Components & Equipment ",3.256b,1.57,53.58,0.64,14.36
NCT (0056),MAIN,NCT ALLIANCE BERHAD,Property ,758.15m,0.48,20.17,0.00,5.89
NESTCON (0235),ACE,NESTCON BERHAD,Construction ,254.95m,0.36,73.47,0.00,2.58
NESTLE (4707),MAIN,NESTLE (MALAYSIA) BERHAD,Food & Beverages ,27.929b,119.10,42.33,2.25,97.70
NETX (0020),ACE,NETX HOLDINGS BERHAD,Software ,121.93m,0.13,-,0.00,-12.00
NEXGRAM (0096),ACE,NEXGRAM HOLDINGS BERHAD,Telecommunications Equipment ,23.44m,0.03,-,0.00,-
NGGB (7241),MAIN,NEXTGREEN GLOBAL BERHAD,Industrial Services ,940.97m,0.95,99.47,0.00,2.64
NHFATT (7060),MAIN,NEW HOONG FATT HOLDINGS BERHAD,Automotive ,318.29m,3.85,6.67,3.38,8.73
NICE (7139),MAIN,NICHE CAPITAL EMAS HOLDINGS BERHAD,Personal Goods ,183.25m,0.14,-,0.00,-16.83
NIHSIN (7215),MAIN,NI HSIN GROUP BERHAD,Household Goods ,60.17m,0.11,-,0.00,-7.53
NOTION (0083),MAIN,NOTION VTEC BERHAD,Technology Equipment ,237.40m,0.46,-,0.00,-8.67
NOVA (0201),MAIN,NOVA WELLNESS GROUP BERHAD,Pharmaceuticals ,173.70m,0.55,14.42,6.06,11.12
NOVAMSC (0026),ACE,NOVA MSC BERHAD,Software ,119.78m,0.10,-,0.00,-16.79
NP (03045),LEAP,NOVELPLUS TECHNOLOGY BERHAD,Digital Services ,110.00m,0.28,-,0.00,-
NPC (5047),MAIN,NPC RESOURCES BERHAD,Plantation ,216.00m,1.80,22.53,0.00,1.55
NPS (03006),LEAP,NOVA PHARMA SOLUTIONS BERHAD,Pharmaceuticals ,33.53m,0.23,-,2.22,-
NSOP (2038),MAIN,NEGRI SEMBILAN OIL PALMS BERHAD,Plantation ,280.81m,4.00,15.53,3.00,2.97
NTPM (5066),MAIN,NTPM HOLDINGS BERHAD,Household Goods ,443.66m,0.40,70.54,2.03,1.24
NYLEX (4944),MAIN,NYLEX (MALAYSIA) BERHAD,Chemicals ,46.64m,0.24,-,0.00,-7.55
OCB (5533),MAIN,OCB BERHAD,Food & Beverages ,76.11m,0.74,8.82,0.00,4.85
OCK (0172),MAIN,OCK GROUP BERHAD,Telecommunications Service Providers ,661.71m,0.63,16.80,1.60,5.55
OCNCASH (0049),MAIN,OCEANCASH PACIFIC BERHAD,Personal Goods ,76.94m,0.30,25.43,1.69,2.46
OCR (7071),MAIN,OCR GROUP BERHAD,Construction ,76.23m,0.06,-,0.00,-9.64
OFI (7107),MAIN,ORIENTAL FOOD INDUSTRIES HOLDINGS BERHAD,Food & Beverages ,506.40m,2.11,15.81,2.13,12.59
OIB (5827),MAIN,ORIENTAL INTEREST BERHAD,Property ,548.20m,1.18,6.75,4.24,10.86
OKA (7140),MAIN,OKA CORPORATION BHD,Building Materials ,175.46m,0.72,36.48,4.62,2.51
OLYMPIA (3018),MAIN,OLYMPIA INDUSTRIES BERHAD,"Travel, Leisure & Hospitality ",76.76m,0.08,-,0.00,-4.85
OMESTI (9008),MAIN,OMESTI BHD,Digital Services ,83.80m,0.16,-,0.00,-19.80
OMH (5298),MAIN,OM HOLDINGS LIMITED,Metals ,1.012b,1.37,-,0.00,-
ONEGLOVE (5079),MAIN,ONE GLOVE GROUP BERHAD,"Travel, Leisure & Hospitality ",126.89m,0.24,-,0.00,-
OPENSYS (0040),MAIN,OPENSYS (M) BERHAD,Software ,176.50m,0.40,14.31,4.30,13.80
OPPSTAR (0275),ACE,OPPSTAR BERHAD,Semiconductors ,678.29m,1.06,34.87,0.47,13.22
OPTIMAX (0222),MAIN,OPTIMAX HOLDINGS BERHAD,Health Care Providers ,377.60m,0.70,29.32,1.73,19.75
ORGABIO (0252),ACE,ORGABIO HOLDINGS BERHAD,Food & Beverages ,75.60m,0.31,84.72,0.00,1.71
ORIENT (4006),MAIN,ORIENTAL HOLDINGS BERHAD,Automotive ,3.946b,6.36,8.64,6.29,6.02
ORNA (5065),MAIN,ORNAPAPER BERHAD,Packaging Materials ,76.76m,1.02,11.68,0.98,3.28
OSK (5053),MAIN,OSK HOLDINGS BERHAD,Property ,3.038b,1.45,6.51,4.83,7.51
OSKVI (0053),ACE,OSK VENTURES INTERNATIONAL BERHAD,Other Financials ,124.49m,0.63,5.20,3.17,9.61
OVERSEA (0153),ACE,OVERSEA ENTERPRISE BERHAD,"Travel, Leisure & Hospitality ",136.78m,0.06,120.00,0.00,0.62
OVH (0220),ACE,OCEAN VANTAGE HOLDINGS BERHAD,"Energy Infrastructure, Equipment & Services ",81.89m,0.20,23.49,0.00,5.53
OWG (5260),MAIN,ONLY WORLD GROUP HOLDINGS BERHAD,"Travel, Leisure & Hospitality ",224.85m,0.49,18.22,4.08,5.17
P&O (6009),MAIN,PACIFIC & ORIENT BERHAD,Insurance ,243.49m,0.83,-,11.88,-3.18
PA (7225),MAIN,P.A. RESOURCES BERHAD,Metals ,523.12m,0.35,22.15,2.86,8.23
PADINI (7052),MAIN,PADINI HOLDINGS BERHAD,Retailers ,2.270b,3.45,12.58,3.33,16.62
PANAMY (3719),MAIN,PANASONIC MANUFACTURING MALAYSIA BERHAD,Household Goods ,1.110b,18.28,13.47,6.67,10.24
PANDA (0290),ACE,PANDA ECO SYSTEM BERHAD,Software ,211.42m,0.32,-,0.00,-
PANSAR (8419),MAIN,PANSAR BERHAD,Building Materials ,295.90m,0.63,12.78,0.56,7.04
PANTECH (5125),MAIN,PANTECH GROUP HOLDINGS BERHAD,Metals ,805.23m,0.95,8.11,6.35,11.42
PAOS (5022),MAIN,PAOS HOLDINGS BERHAD,Household Goods ,60.69m,0.34,104.69,0.00,0.67
PARAGON (9407),MAIN,PARAGON UNION BERHAD,Household Goods ,308.49m,3.68,7.38,0.00,54.59
PARAMON (1724),MAIN,PARAMOUNT CORPORATION BERHAD,Property ,722.36m,1.16,8.72,6.03,5.78
PARKSON (5657),MAIN,PARKSON HOLDINGS BERHAD,Retailers ,287.23m,0.25,-,0.00,-1.43
PARKWD (2682),MAIN,PARKWOOD HOLDINGS BERHAD,Property ,38.07m,0.14,-,0.00,-2.74
PARLO (0022),ACE,PARLO BERHAD,"Travel, Leisure & Hospitality ",60.12m,0.10,-,0.00,-
PASDEC (6912),MAIN,PASDEC HOLDINGS BERHAD,Property ,120.11m,0.30,16.39,0.00,2.03
PASUKGB (0177),ACE,PASUKHAS GROUP BERHAD,Industrial Engineering ,28.58m,0.15,-,0.00,-
PAVREIT (5212),MAIN,PAVILION REAL ESTATE INVESTMENT TRUST,Real Estate Investment Trusts ,4.681b,1.28,10.84,7.04,9.06
PBA (5041),MAIN,PBA HOLDINGS BHD,"Gas, Water & Multi-utilities ",606.22m,1.83,17.65,1.64,3.67
PBBANK (1295),MAIN,PUBLIC BANK BERHAD,Banking ,82.301b,4.24,12.38,4.48,12.16
PCCS (6068),MAIN,PCCS GROUP BERHAD,Personal Goods ,88.09m,0.40,84.04,2.53,0.63
PCHEM (5183),MAIN,PETRONAS CHEMICALS GROUP BERHAD,Chemicals ,53.920b,6.74,31.79,1.93,4.20
PDZ (6254),MAIN,PDZ HOLDINGS BHD,Transportation & Logistics Services ,26.48m,0.05,-,0.00,-5.19
PEB (5622),MAIN,PIMPINAN EHSAN BERHAD,Construction ,76.04m,1.10,152.78,0.00,0.73
PECCA (5271),MAIN,PECCA GROUP BERHAD,Auto Parts ,1.023b,1.36,22.70,1.74,20.10
PEKAT (0233),ACE,PEKAT GROUP BERHAD,Industrial Services ,319.26m,0.50,23.35,2.02,10.10
PELIKAN (5231),MAIN,PELIKAN INTERNATIONAL CORPORATION BERHAD,Consumer Services ,152.03m,0.25,-,0.00,-9.10
PENERGY (5133),MAIN,PETRA ENERGY BERHAD,"Energy Infrastructure, Equipment & Services ",398.97m,1.24,7.50,8.87,13.02
PENSONI (9997),MAIN,PENSONIC HOLDINGS BERHAD,Household Goods ,100.73m,0.64,-,0.00,-0.90
PENTA (7160),MAIN,PENTAMASTER CORPORATION BERHAD,Technology Equipment ,3.177b,4.46,35.65,0.45,12.73
PERDANA (7108),MAIN,PERDANA PETROLEUM BERHAD,"Energy Infrastructure, Equipment & Services ",732.81m,0.33,16.50,0.00,6.67
PERMAJU (7080),MAIN,PERMAJU INDUSTRIES BERHAD,Automotive ,87.70m,0.05,-,0.00,-3.33
PERSTIM (5436),MAIN,PERUSAHAAN SADUR TIMAH MALAYSIA (PERSTIMA) BHD,Metals ,373.09m,2.89,-,3.46,-5.20
PERTAMA (8532),MAIN,PERTAMA DIGITAL BERHAD,Personal Goods ,1.100b,2.51,-,0.00,-37.75
PESONA (8311),MAIN,PESONA METRO HOLDINGS BERHAD,Construction ,118.15m,0.17,12.41,0.00,6.06
PESTECH (5219),MAIN,PESTECH INTERNATIONAL BERHAD,Industrial Engineering ,233.17m,0.24,-,0.00,-
PETDAG (5681),MAIN,PETRONAS DAGANGAN BHD,Retailers ,21.896b,22.04,23.22,3.63,16.34
PETGAS (6033),MAIN,PETRONAS GAS BERHAD,"Gas, Water & Multi-utilities ",35.498b,17.94,19.51,4.01,13.42
PETRONM (3042),MAIN,PETRON MALAYSIA REFINING & MARKETING BHD,Oil & Gas Producers ,1.256b,4.65,4.61,5.38,11.24
PGB (0091),MAIN,PROPEL GLOBAL BERHAD,"Energy Infrastructure, Equipment & Services ",94.62m,0.14,31.82,0.00,2.91
PGF (8117),MAIN,PGF CAPITAL BERHAD,Building Materials ,289.04m,1.76,16.45,1.14,8.21
PGLOBE (3611),MAIN,PARAGON GLOBE BERHAD,Property ,186.66m,0.25,-,0.00,-0.28
PHARMA (7081),MAIN,PHARMANIAGA BERHAD,Pharmaceuticals ,511.64m,0.36,-,5.35,-
PHB (4464),MAIN,PEGASUS HEIGHTS BERHAD,Property ,54.11m,0.01,-,0.00,-4.17
PICORP (7201),MAIN,PROGRESSIVE IMPACT CORPORATION BERHAD,Industrial Services ,55.93m,0.09,-,0.00,-7.71
PIE (7095),MAIN,P.I.E. INDUSTRIAL BERHAD,"Industrial Materials, Components & Equipment ",1.371b,3.57,18.18,1.96,12.35
PINEAPP (0006),ACE,PINEAPPLE RESOURCES BERHAD,Digital Services ,37.35m,0.77,-,0.00,-15.72
PINEPAC (1902),MAIN,PINEHILL PACIFIC BERHAD,Plantation ,47.19m,0.32,-,0.00,-4.96
PJBUMI (7163),MAIN,PJBUMI BERHAD,Industrial Services ,66.83m,0.82,-,0.00,-
PLABS (0171),ACE,PETERLABS HOLDINGS BERHAD,Agricultural Products ,55.04m,0.20,16.00,2.00,4.42
PLB (7055),MAIN,PLB ENGINEERING BERHAD,Property ,118.01m,1.05,-,0.00,-22.01
PLENITU (5075),MAIN,PLENITUDE BERHAD,Property ,526.52m,1.38,7.48,2.17,4.25
PLINTAS (5320),MAIN,PROLINTAS INFRA BUSINESS TRUST,N/A,1.056b,0.96,-,0.00,-
PLS (9695),MAIN,PLS PLANTATIONS BERHAD,Plantation ,351.70m,0.80,-,0.00,-12.90
PLYTEC (0289),ACE,PLYTEC HOLDING BERHAD,Industrial Services ,151.52m,0.25,-,0.00,-
PMBTECH (7172),MAIN,PMB TECHNOLOGY BERHAD,Metals ,4.227b,2.60,93.53,0.00,4.15
PMCORP (4081),MAIN,PAN MALAYSIA CORPORATION BERHAD,"Travel, Leisure & Hospitality ",143.07m,0.19,3.85,3.24,13.63
PMETAL (8869),MAIN,PRESS METAL ALUMINIUM HOLDINGS BERHAD,Metals ,38.561b,4.68,31.75,1.50,17.55
PMHLDG (1287),MAIN,PAN MALAYSIA HOLDINGS BERHAD,"Travel, Leisure & Hospitality ",176.48m,0.19,-,0.00,-4.42
PNEPCB (6637),MAIN,PNE PCB BERHAD,"Industrial Materials, Components & Equipment ",30.83m,0.06,-,0.00,-25.40
POHKONG (5080),MAIN,POH KONG HOLDINGS BERHAD,Retailers ,385.73m,0.94,4.61,2.13,10.45
POHUAT (7088),MAIN,POH HUAT RESOURCES HOLDINGS BERHAD,Household Goods ,414.67m,1.49,13.73,4.70,5.32
POLYDM (03031),LEAP,POLYDAMIC GROUP BERHAD,"Industrial Materials, Components & Equipment ",66.18m,0.75,-,1.33,-
POS (4634),MAIN,POS MALAYSIA BERHAD,Transportation & Logistics Services ,375.73m,0.48,-,0.00,-32.02
PPB (4065),MAIN,PPB GROUP BERHAD,Food & Beverages ,22.534b,15.84,16.16,2.65,5.14
PPHB (8273),MAIN,PUBLIC PACKAGES HOLDINGS BHD,Packaging Materials ,211.82m,0.80,4.37,0.48,12.38
PPJACK (0242),ACE,PAPPAJACK BERHAD,Other Financials ,791.25m,1.03,39.31,0.49,8.19
PRESTAR (9873),MAIN,PRESTAR RESOURCES BERHAD,Metals ,183.90m,0.51,7.10,4.90,5.89
PRG (7168),MAIN,PRG HOLDINGS BERHAD,Personal Goods ,60.43m,0.14,-,0.00,-6.91
PRIVA (0123),ACE,PRIVASIA TECHNOLOGY BERHAD,Telecommunications Equipment ,61.40m,0.10,90.91,0.00,1.10
PRKCORP (8346),MAIN,PERAK CORPORATION BERHAD,Transportation & Logistics Services ,44.50m,0.45,16.60,0.00,2.82
PRTASCO (5070),MAIN,PROTASCO BERHAD,Construction ,113.94m,0.23,17.56,0.00,2.15
PTARAS (9598),MAIN,PINTARAS JAYA BHD,Construction ,265.38m,1.60,-,3.12,-1.19
PTRANS (0186),MAIN,PERAK TRANSIT BERHAD,"Travel, Leisure & Hospitality ",868.69m,0.78,13.36,2.56,6.52
PTRB (0260),ACE,PT RESOURCES HOLDINGS BERHAD,Food & Beverages ,272.86m,0.51,4.82,1.27,29.39
PTT (7010),MAIN,PTT SYNERGY GROUP BERHAD,Property ,219.76m,1.20,-,0.00,-0.11
PUC (0007),ACE,PUC BERHAD,Media ,135.73m,0.06,-,0.00,-
PUNCAK (6807),MAIN,PUNCAK NIAGA HOLDINGS BERHAD,Construction ,166.24m,0.37,18.78,0.00,0.67
PWF (7134),MAIN,PWF CONSOLIDATED BERHAD,Agricultural Products ,290.84m,0.92,5.75,5.46,12.72
PWORTH (7123),MAIN,PRICEWORTH INTERNATIONAL BERHAD,Wood & Wood Products ,152.34m,0.10,-,0.00,-
PWROOT (7237),MAIN,POWER ROOT BERHAD,Food & Beverages ,757.98m,1.64,15.21,7.16,14.57
PWRWELL (0217),ACE,POWERWELL HOLDINGS BERHAD,"Industrial Materials, Components & Equipment ",235.12m,0.41,14.67,4.94,18.40
QES (0196),MAIN,QES GROUP BERHAD,"Industrial Materials, Components & Equipment ",513.00m,0.62,27.83,1.63,10.52
QL (7084),MAIN,QL RESOURCES BERHAD,Agricultural Products ,14.505b,5.96,35.16,1.17,14.12
QUALITY (7544),MAIN,QUALITY CONCRETE HOLDINGS BERHAD,Building Materials ,64.34m,1.11,-,0.00,-12.19
RADIUM (5313),MAIN,RADIUM DEVELOPMENT BERHAD,Property ,1.422b,0.41,83.67,2.44,2.13
RALCO (7498),MAIN,RALCO CORPORATION BERHAD,Chemicals ,38.61m,0.76,-,0.00,-6.95
RAMSSOL (0236),ACE,RAMSSOL GROUP BERHAD,Software ,143.53m,0.45,21.84,0.00,7.63
RANHILL (5272),MAIN,RANHILL UTILITIES BERHAD,"Gas, Water & Multi-utilities ",1.413b,1.09,24.44,2.29,7.31
RAPID (7765),MAIN,RAPID SYNERGY BERHAD,Property ,78.57m,0.74,-,0.00,-
RCECAP (9296),MAIN,RCE CAPITAL BERHAD,Other Financials ,1.979b,2.67,13.69,4.49,17.73
REACH (5256),MAIN,REACH ENERGY BERHAD,Oil & Gas Producers ,63.87m,0.03,-,0.00,-102.78
REDIDEA (03002),LEAP,RED IDEAS HOLDINGS BERHAD,Digital Services ,29.40m,0.28,-,0.00,-
REDTONE (0032),MAIN,REDTONE DIGITAL BERHAD,Telecommunications Service Providers ,758.98m,0.97,19.02,2.58,15.00
REKATECH (0081),ACE,REKATECH CAPITAL BERHAD,Industrial Services ,29.60m,0.05,-,0.00,-27.00
RENEUCO (7130),MAIN,RENEUCO BERHAD,Personal Goods ,89.76m,0.08,-,0.00,-
RESINTC (7232),MAIN,RESINTECH BERHAD,Building Materials ,101.78m,0.52,15.20,0.00,3.73
REVENUE (0200),MAIN,REVENUE GROUP BERHAD,Digital Services ,105.43m,0.19,-,0.00,-
REX (9946),MAIN,REX INDUSTRY BERHAD,Food & Beverages ,75.63m,0.12,-,0.00,-42.60
REXIT (0106),ACE,REXIT BERHAD,Software ,223.41m,1.18,17.61,4.24,26.80
RGB (0037),MAIN,RGB INTERNATIONAL BHD,"Travel, Leisure & Hospitality ",495.44m,0.32,13.56,4.38,13.88
RGS (03052),LEAP,RAY GO SOLAR HOLDINGS BERHAD,Industrial Services ,45.90m,0.18,-,0.00,-
RGTBHD (9954),MAIN,RGT BERHAD,Chemicals ,232.65m,0.22,2200.00,2.73,0.07
RGTECH (0202),ACE,RADIANT GLOBALTECH BERHAD,Digital Services ,186.45m,0.36,24.65,0.00,10.21
RHBBANK (1066),MAIN,RHB BANK BERHAD,Banking ,24.475b,5.71,8.72,7.01,9.09
RHONEMA (5278),MAIN,RHONE MA HOLDINGS BERHAD,Agricultural Products ,150.43m,0.68,12.43,2.94,7.49
RKI (7006),MAIN,RHONG KHEN INTERNATIONAL BERHAD,Household Goods ,257.50m,1.32,17.10,3.03,2.16
RL (0219),MAIN,RESERVOIR LINK ENERGY BHD,"Energy Infrastructure, Equipment & Services ",99.80m,0.32,-,0.00,-
ROHAS (9741),MAIN,ROHAS TECNIC BERHAD,Industrial Engineering ,181.97m,0.39,50.00,0.00,1.12
RPLANET (03036),LEAP,REDPLANET BERHAD,Digital Services ,36.62m,0.22,-,3.53,-
RSAWIT (5113),MAIN,RIMBUNAN SAWIT BERHAD,Plantation ,479.80m,0.24,19.58,0.00,6.67
RSENA (5270),MAIN,RED SENA BERHAD,Special Purpose Acquisition Company ,505.00m,0.51,-,0.00,-
RTSTECH (03039),LEAP,RTS TECHNOLOGY HOLDINGS BERHAD,Software ,20.53m,0.17,-,1.52,-
RVIEW (2542),MAIN,RIVERVIEW RUBBER ESTATES BERHAD,Plantation ,204.93m,3.16,32.08,7.91,1.79
S&FCAP (8745),MAIN,S & F CAPITAL BERHAD,Wood & Wood Products ,55.04m,0.10,18.87,0.00,4.82
SAB (5134),MAIN,SOUTHERN ACIDS (M) BERHAD,Chemicals ,443.67m,3.24,-,1.54,-0.15
SAFETY (03056),LEAP,SAFETYWARE GROUP BERHAD,"Industrial Materials, Components & Equipment ",60.65m,0.19,-,0.00,-
SALCON (8567),MAIN,SALCON BERHAD,"Gas, Water & Multi-utilities ",273.35m,0.27,-,0.00,-5.55
SALUTE (0183),MAIN,SALUTICA BERHAD,Personal Goods ,332.67m,0.78,-,0.00,-32.33
SAM (9822),MAIN,SAM ENGINEERING & EQUIPMENT (M) BERHAD,"Industrial Materials, Components & Equipment ",3.270b,4.83,32.16,0.52,8.89
SAMAIDEN (0223),MAIN,SAMAIDEN GROUP BERHAD,Industrial Services ,547.83m,1.32,49.07,0.38,9.24
SAMCHEM (5147),MAIN,SAMCHEM HOLDINGS BERHAD,Chemicals ,331.84m,0.61,10.78,3.93,10.68
SANCY (03057),LEAP,SANCY BERHAD,Software ,237.71m,0.35,-,0.00,-
SANICHI (0133),ACE,SANICHI TECHNOLOGY BERHAD,"Industrial Materials, Components & Equipment ",28.06m,0.02,-,0.00,-
SAPIND (7811),MAIN,SAPURA INDUSTRIAL BERHAD,Auto Parts ,64.41m,0.89,8.71,6.67,6.64
SAPNRG (5218),MAIN,SAPURA ENERGY BERHAD,"Energy Infrastructure, Equipment & Services ",918.80m,0.05,-,0.00,-
SAPRES (4596),MAIN,SAPURA RESOURCES BERHAD,Property ,46.07m,0.33,-,0.00,-19.75
SASBADI (5252),MAIN,SASBADI HOLDINGS BERHAD,Media ,67.60m,0.16,8.56,4.84,5.17
SAUDEE (5157),MAIN,SAUDEE GROUP BERHAD,Food & Beverages ,46.86m,0.03,-,0.00,-6.28
SBAGAN (2569),MAIN,SUNGEI BAGAN RUBBER COMPANY (MALAYA) BERHAD,Plantation ,301.15m,4.54,11.56,1.54,3.97
SBCCORP (5207),MAIN,SBC CORPORATION BERHAD,Property ,91.64m,0.36,-,0.00,-0.59
SBH (0300),ACE,SBH MARINE HOLDINGS BERHAD,Property ,-,0.00,-,-,-
SCABLE (5170),MAIN,SARAWAK CABLE BERHAD,"Industrial Materials, Components & Equipment ",69.82m,0.18,-,0.00,-
SCBUILD (0109),ACE,SC ESTATE BUILDER BERHAD,Construction ,32.22m,0.01,-,0.00,-
SCC (0158),ACE,SCC HOLDINGS BERHAD,Consumer Services ,45.17m,0.32,26.67,3.12,3.56
SCGBHD (0225),MAIN,SOUTHERN CABLE GROUP BERHAD,"Industrial Materials, Components & Equipment ",436.26m,0.55,14.81,0.51,9.44
SCGM (7247),MAIN,SCGM BHD,Packaging Materials ,122.94m,0.64,-,0.00,-
SCIB (9237),MAIN,SARAWAK CONSOLIDATED INDUSTRIES BERHAD,Building Materials ,195.27m,0.31,-,0.00,-13.45
SCICOM (0099),MAIN,SCICOM (MSC) BERHAD,Industrial Services ,383.89m,1.08,13.09,7.41,25.00
SCIENTX (4731),MAIN,SCIENTEX BERHAD,Packaging Materials ,6.391b,4.12,12.69,2.43,13.99
SCIPACK (8125),MAIN,SCIENTEX PACKAGING (AYER KEROH) BERHAD,Packaging Materials ,719.90m,2.05,27.67,2.44,6.62
SCNWOLF (7239),MAIN,SCANWOLF CORPORATION BERHAD,Building Materials ,88.11m,0.44,-,0.00,-22.04
SCOMIES (7045),MAIN,SCOMI ENERGY SERVICES BHD,"Energy Infrastructure, Equipment & Services ",2.34m,0.01,-,0.00,-
SCOMNET (0001),MAIN,SUPERCOMNET TECHNOLOGIES BERHAD,Health Care Equipment & Services ,1.049b,1.28,35.26,1.56,7.72
SCOPE (0028),ACE,SCOPE INDUSTRIES BERHAD,"Industrial Materials, Components & Equipment ",144.30m,0.13,-,0.00,-1.17
SDRED (2224),MAIN,SELANGOR DREDGING BERHAD,Property ,266.33m,0.63,10.10,4.00,3.01
SDS (0212),MAIN,SDS GROUP BERHAD,Food & Beverages ,329.75m,0.81,11.32,1.61,23.70
SEACERA (7073),MAIN,SEACERA GROUP BERHAD,Building Materials ,127.54m,0.21,20.10,0.00,0.89
SEAL (4286),MAIN,SEAL INCORPORATED BERHAD,Property ,233.27m,0.56,24.45,0.00,2.66
SEALINK (5145),MAIN,SEALINK INTERNATIONAL BERHAD,Transportation Equipment ,100.00m,0.20,-,0.00,-1.36
SEB (5163),MAIN,SEREMBAN ENGINEERING BERHAD,Industrial Engineering ,51.20m,0.64,15.53,0.00,9.36
SEDANIA (0178),ACE,SEDANIA INNOVATOR BERHAD,Telecommunications Equipment ,69.42m,0.19,-,0.00,-
SEEHUP (7053),MAIN,SEE HUP CONSOLIDATED BERHAD,Transportation & Logistics Services ,72.38m,0.90,-,3.00,-3.56
SEERS (03009),LEAP,SEERS BERHAD,Household Goods ,25.76m,0.10,-,0.00,-
SEG (9792),MAIN,SEG INTERNATIONAL BHD,Consumer Services ,822.73m,0.65,71.43,7.69,9.01
SEM (5250),MAIN,7-ELEVEN MALAYSIA HOLDINGS BERHAD,Retailers ,2.320b,1.98,8.39,2.73,72.62
SENDAI (5205),MAIN,EVERSENDAI CORPORATION BERHAD,Construction ,222.61m,0.29,8.36,0.00,7.26
SENFONG (5308),MAIN,SENG FONG HOLDINGS BERHAD,Industrial Services ,550.10m,1.06,16.80,2.83,17.05
SENHENG (5305),MAIN,SENHENG NEW RETAIL BERHAD,Retailers ,465.00m,0.31,18.24,3.87,4.68
SENTRAL (5123),MAIN,SENTRAL REIT,Real Estate Investment Trusts ,932.49m,0.78,12.83,8.56,5.40
SERBADK (5279),MAIN,SERBA DINAMIK HOLDINGS BERHAD,"Energy Infrastructure, Equipment & Services ",74.54m,0.02,-,0.00,-472.88
SERNKOU (7180),MAIN,SERN KOU RESOURCES BERHAD,Household Goods ,900.21m,0.84,143.97,0.00,2.64
SERSOL (0055),ACE,SERSOL BERHAD,Chemicals ,69.49m,0.10,-,0.00,-
SFPTECH (0251),ACE,SFP TECH HOLDINGS BERHAD,Semiconductors ,1.692b,0.71,43.25,0.57,20.38
SGBHD (03033),LEAP,SUPERGENICS BERHAD,Industrial Services ,57.84m,0.50,-,0.00,-
SHANG (5517),MAIN,SHANGRI-LA HOTELS (MALAYSIA) BERHAD,"Travel, Leisure & Hospitality ",897.60m,2.04,54.99,3.43,2.05
SHCHAN (4316),MAIN,SIN HENG CHAN (MALAYA) BERHAD,Plantation ,101.04m,0.35,14.20,0.00,2.64
SHH (7412),MAIN,SHH RESOURCES HOLDINGS BERHAD,Household Goods ,122.99m,1.23,32.03,0.00,4.74
SHL (6017),MAIN,SHL CONSOLIDATED BHD,Property ,520.57m,2.15,7.85,5.58,7.37
SIAB (0241),ACE,SIAB HOLDINGS BERHAD,Construction ,73.70m,0.13,-,0.00,-40.78
SIGN (7246),MAIN,SIGNATURE INTERNATIONAL BERHAD,Household Goods ,703.59m,1.09,13.26,0.00,12.65
SIME (4197),MAIN,SIME DARBY BERHAD,Automotive ,18.198b,2.67,4.87,4.87,19.59
SIMEPLT (5285),MAIN,SIME DARBY PLANTATION BERHAD,Plantation ,30.014b,4.34,16.13,2.14,10.47
SIMEPROP (5288),MAIN,SIME DARBY PROPERTY BERHAD,Property ,6.189b,0.91,15.17,2.75,4.05
SINARAN (5172),MAIN,SINARAN ADVANCE GROUP BERHAD,Personal Goods ,54.90m,0.06,-,0.00,-18.95
SJC (9431),MAIN,SENI JAYA CORPORATION BERHAD,Media ,98.23m,0.46,-,0.00,-
SKBSHUT (7115),MAIN,SKB SHUTTERS CORPORATION BERHAD,Building Materials ,82.52m,0.63,5.89,0.00,11.54
SKHAWK (03049),LEAP,STEEL HAWK BERHAD,"Energy Infrastructure, Equipment & Services ",44.00m,0.11,-,2.00,-
SKPRES (7155),MAIN,SKP RESOURCES BHD,"Industrial Materials, Components & Equipment ",1.446b,0.93,15.68,4.86,10.54
SKYWLD (5315),MAIN,SKYWORLD DEVELOPMENT BERHAD,Property ,645.00m,0.65,4.47,4.65,17.61
SLIC (03008),LEAP,SL INNOVATION CAPITAL BERHAD,Digital Services ,85.09m,0.67,-,4.48,-
SLP (7248),MAIN,SLP RESOURCES BERHAD,Packaging Materials ,301.11m,0.95,28.36,5.00,5.56
SLVEST (0215),MAIN,SOLARVEST HOLDINGS BERHAD,Industrial Services ,1.046b,1.56,35.14,0.00,13.06
SMCAP (9776),MAIN,SINMAH CAPITAL BERHAD,Agricultural Products ,39.56m,0.10,-,0.00,-13.71
SMETRIC (0203),ACE,SECUREMETRIC BERHAD,Software ,112.53m,0.20,-,0.00,-1.97
SMI (4375),MAIN,SOUTH MALAYSIA INDUSTRIES BERHAD,Property ,113.37m,0.54,-,0.00,-
SMILE (03023),LEAP,SMILE-LINK HEALTHCARE GLOBAL BERHAD,Health Care Providers ,41.62m,0.17,-,0.00,-
SMISCOR (7132),MAIN,SMIS CORPORATION BERHAD,Auto Parts ,35.17m,0.79,-,0.00,-0.45
SMRT (0117),ACE,SMRT HOLDINGS BERHAD,Digital Services ,382.40m,0.84,-,0.00,-
SMTRACK (0169),ACE,SMTRACK BERHAD,Technology Equipment ,64.49m,0.05,-,0.00,-
SNOWFIT (03054),LEAP,SNOWFIT GROUP BERHAD,Household Goods ,42.22m,0.20,-,0.85,-
SNS (0259),ACE,SNS NETWORK TECHNOLOGY BERHAD,Technology Equipment ,564.47m,0.35,17.68,1.43,13.20
SNTORIA (5213),MAIN,SENTORIA GROUP BERHAD,Property ,40.49m,0.07,-,0.00,-
SOLID (5242),MAIN,SOLID AUTOMOTIVE BERHAD,Automotive ,96.08m,0.19,15.42,1.62,3.08
SOLUTN (0093),ACE,SOLUTION GROUP BERHAD,Digital Services ,97.20m,0.20,400.00,0.00,0.29
SOP (5126),MAIN,SARAWAK OIL PALMS BERHAD,Plantation ,2.733b,3.07,9.10,3.26,8.54
SPRING (0216),ACE,SPRING ART HOLDINGS BERHAD,Household Goods ,85.22m,0.21,15.53,0.00,6.29
SPRITZER (7103),MAIN,SPRITZER BHD,Food & Beverages ,715.26m,2.24,14.45,1.86,9.30
SPSETIA (8664),MAIN,S P SETIA BERHAD,Property ,6.503b,1.46,21.79,0.92,2.31
SPTOTO (1562),MAIN,SPORTS TOTO BERHAD,"Travel, Leisure & Hospitality ",1.878b,1.39,11.05,6.47,16.13
SRIDGE (0129),ACE,SILVER RIDGE HOLDINGS BHD,Telecommunications Equipment ,83.48m,0.38,-,0.00,-2.70
SSB8 (0045),ACE,SOUTHERN SCORE BUILDERS BERHAD,Construction ,829.50m,0.37,22.53,2.74,23.14
SSF (0287),ACE,SSF HOME GROUP BERHAD,Retailers ,228.00m,0.29,-,1.75,-
SSTEEL (5665),MAIN,SOUTHERN STEEL BERHAD,Metals ,351.82m,0.59,-,0.00,-11.66
STAR (6084),MAIN,STAR MEDIA GROUP BERHAD,Media ,310.20m,0.42,41.58,2.38,1.12
STRAITS (0080),ACE,STRAITS ENERGY RESOURCES BERHAD,Transportation & Logistics Services ,124.31m,0.13,16.45,0.00,4.34
SUBUR (6904),MAIN,SUBUR TIASA HOLDINGS BERHAD,Wood & Wood Products ,192.28m,0.92,-,0.00,-2.08
SUCCESS (7207),MAIN,SUCCESS TRANSFORMER CORPORATION BERHAD,"Industrial Materials, Components & Equipment ",227.22m,0.90,10.84,1.56,5.29
SUNCON (5263),MAIN,SUNWAY CONSTRUCTION GROUP BERHAD,Construction ,3.711b,2.87,25.58,2.09,17.53
SUNMOW (03050),LEAP,SUNMOW HOLDING BERHAD,Construction ,247.98m,1.06,-,1.56,-
SUNREIT (5176),MAIN,SUNWAY REAL ESTATE INVESTMENT TRUST,Real Estate Investment Trusts ,5.240b,1.53,15.50,6.08,6.74
SUNSURIA (3743),MAIN,SUNSURIA BERHAD,Property ,456.92m,0.51,31.48,0.00,1.36
SUNVIEW (0262),ACE,SUNVIEW GROUP BERHAD,Industrial Services ,326.74m,0.64,30.77,0.00,9.04
SUNWAY (5211),MAIN,SUNWAY BERHAD,Diversified Industrials ,18.950b,3.40,25.68,1.62,6.16
SUNZEN (0148),ACE,SUNZEN BIOTECH BERHAD,Agricultural Products ,241.61m,0.34,-,0.00,-
SUPERLN (7235),MAIN,SUPERLON HOLDINGS BERHAD,Building Materials ,161.60m,1.01,15.33,2.72,6.80
SUPERMX (7106),MAIN,SUPERMAX CORPORATION BERHAD,Health Care Equipment & Services ,2.245b,0.83,-,4.24,-1.95
SUPREME (03018),LEAP,SUPREME CONSOLIDATED RESOURCES BERHAD,Consumer Services ,77.40m,0.65,-,4.53,-
SURIA (6521),MAIN,SURIA CAPITAL HOLDINGS BERHAD,Transportation & Logistics Services ,771.18m,2.23,22.08,1.79,3.20
SWIFT (5303),MAIN,SWIFT HAULAGE BERHAD,Transportation & Logistics Services ,458.49m,0.52,7.14,3.11,8.99
SWKPLNT (5135),MAIN,SARAWAK PLANTATION BERHAD,Plantation ,607.60m,2.17,9.43,4.61,8.59
SWSCAP (7186),MAIN,SWS CAPITAL BERHAD,Household Goods ,72.55m,0.24,-,0.00,-4.47
SYCAL (9717),MAIN,SYCAL VENTURES BERHAD,Construction ,85.35m,0.21,89.13,0.00,0.34
SYGROUP (5173),MAIN,SHIN YANG GROUP BERHAD,Transportation & Logistics Services ,720.00m,0.60,5.05,5.00,10.90
SYMLIFE (1538),MAIN,SYMPHONY LIFE BERHAD,Property ,272.25m,0.38,-,0.00,-6.39
SYNERGY (0279),ACE,SYNERGY HOUSE BERHAD,Household Goods ,407.50m,0.82,15.01,1.96,27.15
SYSTECH (0050),ACE,SYSTECH BHD,Software ,146.04m,0.42,-,0.00,-34.00
T7GLOBAL (7228),MAIN,T7 GLOBAL BERHAD,"Energy Infrastructure, Equipment & Services ",394.71m,0.52,11.93,0.00,9.91
TAANN (5012),MAIN,TA ANN HOLDINGS BERHAD,Plantation ,1.824b,4.10,11.66,6.10,8.64
TAFI (7211),MAIN,TAFI INDUSTRIES BERHAD,Household Goods ,210.58m,0.56,264.29,0.00,1.00
TAKAFUL (6139),MAIN,SYARIKAT TAKAFUL MALAYSIA KELUARGA BERHAD,Insurance ,2.989b,3.57,8.62,3.92,20.61
TALAMT (2259),MAIN,TALAM TRANSFORM BERHAD,Property ,42.95m,0.01,-,0.00,-6.10
TALIWRK (8524),MAIN,TALIWORKS CORPORATION BERHAD,"Gas, Water & Multi-utilities ",1.613b,0.80,38.46,7.44,6.03
TAMBUN (5191),MAIN,TAMBUN INDAH LAND BERHAD,Property ,415.15m,0.95,10.14,5.93,5.45
TANCO (2429),MAIN,TANCO HOLDINGS BERHAD,Property ,1.748b,0.84,182.61,0.00,3.43
TAS (5149),MAIN,TAS OFFSHORE BERHAD,Transportation Equipment ,105.30m,0.59,5.06,1.71,21.13
TASCO (5140),MAIN,TASCO BERHAD,Transportation & Logistics Services ,656.00m,0.82,9.99,4.27,10.80
TASHIN (0211),ACE,TASHIN HOLDINGS BERHAD,Metals ,129.13m,0.37,20.90,5.41,2.39
TAWIN (7097),MAIN,TA WIN HOLDINGS BERHAD,Metals ,103.06m,0.03,-,0.00,-14.20
TCHONG (4405),MAIN,TAN CHONG MOTOR HOLDINGS BERHAD,Automotive ,584.64m,0.87,-,3.45,-4.56
TCS (0221),ACE,TCS GROUP HOLDINGS BERHAD,Construction ,75.08m,0.18,-,0.00,-58.77
TDEX (0132),ACE,TECHNODEX BHD,Software ,54.85m,0.07,-,0.00,-44.50
TDM (2054),MAIN,TDM BERHAD,Plantation ,482.41m,0.28,38.89,0.64,1.89
TECGUAN (7439),MAIN,TECK GUAN PERDANA BERHAD,Agricultural Products ,72.17m,1.80,9.38,2.78,6.82
TECHBASE (8966),MAIN,TECHBASE INDUSTRIES BERHAD,Personal Goods ,56.73m,0.21,-,0.00,-10.74
TECHBND (5289),MAIN,TECHBOND GROUP BERHAD,Chemicals ,227.56m,0.43,14.55,1.76,8.85
TECHNAX (2739),MAIN,TECHNA-X BERHAD,Other Energy Resources ,22.15m,0.01,-,0.00,-
TEKSENG (7200),MAIN,TEK SENG HOLDINGS BERHAD,Household Goods ,104.59m,0.29,15.76,3.45,2.42
TELADAN (0230),MAIN,TELADAN GROUP BERHAD,Property ,893.60m,1.10,32.93,1.18,5.22
TENAGA (5347),MAIN,TENAGA NASIONAL BHD,Electricity ,66.786b,11.54,24.11,3.99,4.71
TEOSENG (7252),MAIN,TEO SENG CAPITAL BERHAD,Agricultural Products ,576.02m,1.92,3.70,4.17,31.86
TEXCHEM (8702),MAIN,TEXCHEM RESOURCES BERHAD,Diversified Industrials ,112.47m,0.89,-,0.00,-5.64
TEXCYCL (0089),ACE,TEX CYCLE TECHNOLOGY (M) BERHAD,Industrial Services ,247.22m,0.97,15.90,0.62,10.98
TFP (0145),ACE,TFP SOLUTIONS BERHAD,Digital Services ,26.36m,0.05,-,0.00,-0.29
TGL (9369),MAIN,TEO GUAN LEE CORPORATION BERHAD,Personal Goods ,95.90m,1.13,8.30,7.08,10.16
TGUAN (7034),MAIN,THONG GUAN INDUSTRIES BERHAD,Packaging Materials ,752.63m,1.87,10.60,2.27,7.54
THETA (9075),MAIN,THETA EDGE BERHAD,Digital Services ,140.38m,1.19,14.66,1.26,11.60
THPLANT (5112),MAIN,TH PLANTATIONS BERHAD,Plantation ,649.63m,0.74,13.95,2.72,6.51
THRIVEN (7889),MAIN,THRIVEN GLOBAL BERHAD,Property ,68.37m,0.13,-,0.00,-42.05
TIENWAH (7374),MAIN,TIEN WAH PRESS HOLDINGS BERHAD,Industrial Services ,122.31m,0.85,14.25,6.63,3.09
TIMECOM (5031),MAIN,TIME DOTCOM BERHAD,Telecommunications Service Providers ,9.577b,5.18,3.73,16.56,62.03
TIMWELL (7854),MAIN,TIMBERWELL BERHAD,Wood & Wood Products ,42.30m,0.48,-,4.21,-3.60
TITIJYA (5239),MAIN,TITIJAYA LAND BERHAD,Property ,354.69m,0.27,106.00,0.00,0.28
TJSETIA (5297),MAIN,TUJU SETIA BERHAD,Construction ,63.37m,0.20,-,0.00,-14.05
TM (4863),MAIN,TELEKOM MALAYSIA BERHAD,Telecommunications Service Providers ,23.294b,6.07,12.45,4.12,20.41
TMCLIFE (0101),MAIN,TMC LIFE SCIENCES BERHAD,Health Care Providers ,1.184b,0.68,20.73,0.60,6.56
TNLOGIS (8397),MAIN,TIONG NAM LOGISTICS HOLDINGS BERHAD,Transportation & Logistics Services ,395.87m,0.75,5.36,0.00,7.68
TOCEAN (7218),MAIN,TRANSOCEAN HOLDINGS BHD,Transportation & Logistics Services ,102.20m,1.57,-,0.00,-1.86
TOMEI (7230),MAIN,TOMEI CONSOLIDATED BERHAD,Retailers ,206.51m,1.49,4.45,2.68,11.60
TOMYPAK (7285),MAIN,TOMYPAK HOLDINGS BERHAD,Packaging Materials ,161.67m,0.38,2.02,2.67,64.03
TONGHER (5010),MAIN,TONG HERR RESOURCES BERHAD,Metals ,358.94m,2.28,55.88,8.77,1.13
TOPGLOV (7113),MAIN,TOP GLOVE CORPORATION BHD,Health Care Equipment & Services ,6.648b,0.81,-,0.00,-14.76
TOPMIX (0302),ACE,TOPMIX BERHAD,N/A,-,0.00,-,-,-
TOPVISN (03013),LEAP,TOPVISION EYE SPECIALIST BERHAD,Health Care Providers ,185.31m,0.73,-,1.10,-
TOYOVEN (7173),MAIN,TOYO VENTURES HOLDINGS BERHAD,Chemicals ,124.25m,0.94,39.29,1.93,2.07
TPC (7176),MAIN,TPC PLUS BERHAD,Agricultural Products ,117.13m,0.38,2.69,0.00,38.19
TRC (5054),MAIN,TRC SYNERGY BERHAD,Construction ,230.64m,0.48,9.11,2.50,4.58
TRIMODE (0199),ACE,TRI-MODE SYSTEM (M) BERHAD,Transportation & Logistics Services ,58.93m,0.36,23.51,2.96,2.70
TRIVE (0118),MAIN,TRIVE PROPERTY GROUP BERHAD,Technology Equipment ,69.50m,0.06,-,0.00,-34.67
TROP (5401),MAIN,TROPICANA CORPORATION BERHAD,Property ,2.803b,1.22,-,0.00,-3.99
TSA (0297),ACE,TSA GROUP BERHAD,Metals ,239.71m,0.78,-,0.00,-
TSH (9059),MAIN,TSH RESOURCES BERHAD,Plantation ,1.589b,1.15,16.74,2.17,4.63
TSRCAP (5042),MAIN,TSR CAPITAL BERHAD,Construction ,47.97m,0.28,3.02,0.00,10.85
TTVHB (0272),ACE,TT VISION HOLDINGS BERHAD,Semiconductors ,465.66m,1.00,43.45,0.00,10.41
TUNEPRO (5230),MAIN,TUNE PROTECT GROUP BERHAD,Insurance ,241.17m,0.32,-,0.00,-0.19
TURBO (5167),MAIN,TURBO-MECH BERHAD,"Industrial Materials, Components & Equipment ",70.20m,0.65,24.90,0.77,2.21
TURIYA (4359),MAIN,TURIYA BERHAD,Semiconductors ,64.04m,0.28,15.05,0.00,3.21
TWL (7079),MAIN,TWL HOLDINGS BERHAD,Property ,169.47m,0.03,23.08,0.00,1.30
TWRREIT (5111),MAIN,TOWER REAL ESTATE INVESTMENT TRUST,Real Estate Investment Trusts ,99.58m,0.36,-,1.63,-3.57
UCHITEC (7100),MAIN,UCHI TECHNOLOGIES BERHAD,"Industrial Materials, Components & Equipment ",1.821b,3.94,13.46,7.61,66.52
UCREST (0005),ACE,UCREST BERHAD,Technology Equipment ,77.90m,0.11,12.21,0.00,17.20
UEMS (5148),MAIN,UEM SUNRISE BERHAD,Property ,5.767b,1.14,76.00,0.66,1.11
ULICORP (7133),MAIN,UNITED U-LI CORPORATION BERHAD,"Industrial Materials, Components & Equipment ",320.17m,1.47,7.75,5.44,11.02
UMC (0256),ACE,UMEDIC GROUP BERHAD,Health Care Equipment & Services ,235.56m,0.63,24.14,0.00,14.50
UMCCA (2593),MAIN,UNITED MALACCA BERHAD,Plantation ,1.059b,5.05,24.62,2.38,2.99
UMS (7137),MAIN,UMS HOLDINGS BERHAD,"Industrial Materials, Components & Equipment ",85.45m,2.10,10.57,4.76,4.66
UMSNGB (7227),MAIN,UMS-NEIKEN GROUP BERHAD,"Industrial Materials, Components & Equipment ",94.40m,1.18,18.88,2.54,3.98
UNIMECH (7091),MAIN,UNIMECH GROUP BERHAD,"Industrial Materials, Components & Equipment ",247.26m,1.64,8.53,3.78,8.29
UNIQUE (0257),ACE,UNIQUE FIRE HOLDINGS BERHAD,Industrial Services ,108.00m,0.27,14.52,2.22,8.86
UNISEM (5005),MAIN,UNISEM (M) BERHAD,Semiconductors ,6.162b,3.82,76.86,2.09,3.36
UNITRAD (0247),ACE,UNITRADE INDUSTRIES BERHAD,Building Materials ,468.75m,0.30,19.61,1.47,6.95
UNIWALL (03017),LEAP,UNI WALL APS HOLDINGS BERHAD,Construction ,577.81m,0.79,-,0.00,-
UOADEV (5200),MAIN,UOA DEVELOPMENT BHD,Property ,4.684b,1.88,16.76,10.64,5.17
UOAREIT (5110),MAIN,UOA REAL ESTATE INVESTMENT TRUST,Real Estate Investment Trusts ,749.91m,1.11,13.93,7.05,5.57
UPA (7757),MAIN,UPA CORPORATION BHD,Consumer Services ,183.83m,0.77,21.21,3.46,3.02
UTAMA (03043),LEAP,UCI RESOURCES BERHAD,Building Materials ,90.02m,0.27,-,0.56,-
UTDPLT (2089),MAIN,UNITED PLANTATIONS BERHAD,Plantation ,9.866b,23.70,13.94,8.02,23.65
UWC (5292),MAIN,UWC BERHAD,Semiconductors ,3.152b,2.86,198.61,0.00,3.60
UZMA (7250),MAIN,UZMA BERHAD,"Energy Infrastructure, Equipment & Services ",507.27m,1.31,11.42,0.00,7.70
VARIA (5006),MAIN,VARIA BERHAD,Construction ,362.79m,0.87,-,0.00,-
VELESTO (5243),MAIN,VELESTO ENERGY BERHAD,"Energy Infrastructure, Equipment & Services ",2.424b,0.30,24.38,0.85,4.03
VELOCITY (7165),MAIN,VELOCITY CAPITAL PARTNER BERHAD,Building Materials ,62.16m,0.05,-,0.00,-3.40
VERSATL (4995),MAIN,VERSATILE CREATIVE BERHAD,Packaging Materials ,180.66m,0.65,201.56,0.00,1.14
VINVEST (0069),ACE,VINVEST CAPITAL HOLDINGS BERHAD,Software ,43.61m,0.05,-,0.00,-22.89
VIS (0120),ACE,VISDYNAMICS HOLDINGS BERHAD,Semiconductors ,101.18m,0.39,21.75,2.60,7.08
VITROX (0097),MAIN,VITROX CORPORATION BERHAD,Semiconductors ,7.355b,7.78,57.33,0.69,13.38
VIZIONE (7070),MAIN,VIZIONE HOLDINGS BERHAD,Construction ,81.91m,0.04,-,0.00,-
VLB (0273),ACE,VESTLAND BERHAD,Construction ,335.23m,0.36,12.07,0.00,18.04
VOLCANO (0232),ACE,VOLCANO BERHAD,Industrial Services ,106.25m,0.59,-,2.77,-
VS (6963),MAIN,V.S. INDUSTRY BERHAD,"Industrial Materials, Components & Equipment ",3.435b,0.89,21.74,2.49,7.02
VSOLAR (0066),ACE,VSOLAR GROUP BERHAD,Software ,92.67m,0.12,-,0.00,-1.04
VSTECS (5162),MAIN,VSTECS BERHAD,Technology Equipment ,943.20m,2.62,13.99,2.52,14.63
WAJA (0102),ACE,WAJA KONSORTIUM BERHAD,"Industrial Materials, Components & Equipment ",50.18m,0.05,-,0.00,-
WANGZNG (7203),MAIN,WANG-ZHENG BERHAD,Household Goods ,108.80m,0.68,14.91,2.21,3.53
WARISAN (5016),MAIN,WARISAN TC HOLDINGS BERHAD,"Travel, Leisure & Hospitality ",69.22m,1.03,-,0.00,-0.68
WASCO (5142),MAIN,WASCO BERHAD,"Energy Infrastructure, Equipment & Services ",953.11m,1.23,8.79,0.00,15.37
WATTA (7226),MAIN,WATTA HOLDING BERHAD,Auto Parts ,43.08m,0.51,-,0.00,-3.76
WCEHB (3565),MAIN,WCE HOLDINGS BERHAD,Construction ,2.928b,0.98,33.91,0.00,8.33
WCT (9679),MAIN,WCT HOLDINGS BERHAD,Construction ,765.80m,0.54,-,0.93,-8.78
WEGMANS (0197),MAIN,WEGMANS HOLDINGS BERHAD,Household Goods ,112.76m,0.21,16.02,2.44,5.57
WELLCAL (7231),MAIN,WELLCALL HOLDINGS BERHAD,"Industrial Materials, Components & Equipment ",821.61m,1.65,13.22,4.97,44.41
WELLS (0271),ACE,WELLSPIRE HOLDINGS BERHAD,Food & Beverages ,473.56m,0.67,179.73,0.00,5.00
WENTEL (0298),ACE,WENTEL ENGINEERING HOLDINGS BERHAD,"Industrial Materials, Components & Equipment ",368.00m,0.32,-,0.00,-
WIDAD (0162),ACE,WIDAD GROUP BERHAD,Construction ,263.20m,0.09,-,0.00,-3.60
WILLOW (0008),MAIN,WILLOWGLEN MSC BERHAD,Software ,183.52m,0.37,16.89,4.05,5.09
WMG (6378),MAIN,WMG HOLDINGS BERHAD,Property ,93.36m,0.21,-,0.00,-1.16
WONG (7050),MAIN,WONG ENGINEERING CORPORATION BERHAD,"Industrial Materials, Components & Equipment ",69.34m,0.28,-,0.00,-12.41
WOODLAN (7025),MAIN,WOODLANDOR HOLDINGS BHD,Wood & Wood Products ,30.20m,0.76,-,0.00,-7.37
WPRTS (5246),MAIN,WESTPORTS HOLDINGS BERHAD,Transportation & Logistics Services ,12.958b,3.80,16.62,4.45,22.15
WTHORSE (5009),MAIN,WHITE HORSE BERHAD,Building Materials ,189.60m,0.79,-,0.00,-2.72
WTK (4243),MAIN,WTK HOLDINGS BERHAD,Wood & Wood Products ,231.05m,0.48,-,3.12,-2.46
XDL (5156),MAIN,XIDELANG HOLDINGS LTD,Personal Goods ,63.49m,0.03,-,0.00,-0.79
XINHWA (5267),MAIN,XIN HWA HOLDINGS BERHAD,Transportation & Logistics Services ,56.24m,0.22,-,0.00,-11.70
XL (7121),MAIN,XL HOLDINGS BERHAD,Consumer Services ,204.53m,0.76,-,0.00,-
XOX (0165),ACE,XOX BHD,Telecommunications Service Providers ,51.91m,0.01,-,0.00,-55.17
XOXNET (0140),ACE,XOX NETWORKS BERHAD,Consumer Services ,34.07m,0.03,-,0.00,-23.25
XOXTECH (0017),ACE,XOX TECHNOLOGY BERHAD,Telecommunications Equipment ,44.81m,0.05,31.25,0.00,4.10
Y&G (7003),MAIN,Y&G CORPORATION BHD,Property ,144.20m,0.66,22.76,0.00,1.99
YB (5048),MAIN,YB VENTURES BERHAD,Building Materials ,69.93m,0.24,-,0.00,-11.72
YBS (0025),ACE,YBS INTERNATIONAL BERHAD,"Industrial Materials, Components & Equipment ",202.89m,0.79,-,0.00,-2.04
YENHER (5300),MAIN,YENHER HOLDINGS BERHAD,Agricultural Products ,261.00m,0.87,12.32,3.45,9.01
YEWLEE (0248),ACE,YEW LEE PACIFIC GROUP BERHAD,"Industrial Materials, Components & Equipment ",211.25m,0.40,-,0.76,-2.26
YGL (0086),ACE,YGL CONVERGENCE BERHAD,Software ,38.04m,0.14,-,0.00,-1.32
YINSON (7293),MAIN,YINSON HOLDINGS BERHAD,"Energy Infrastructure, Equipment & Services ",7.515b,2.36,7.80,0.85,16.19
YLI (7014),MAIN,YLI HOLDINGS BERHAD,Metals ,41.18m,0.40,1.40,0.00,20.88
YNHPROP (3158),MAIN,YNH PROPERTY BERHAD,Property ,275.08m,0.52,-,0.00,-
YOCB (5159),MAIN,YOONG ONN CORPORATION BERHAD,Household Goods ,296.00m,1.85,8.34,4.05,11.20
YONGTAI (7066),MAIN,YONG TAI BERHAD,Property ,94.53m,0.25,-,0.00,-12.34
YSPSAH (7178),MAIN,Y.S.P.SOUTHEAST ASIA HOLDING BERHAD,Pharmaceuticals ,346.10m,2.44,9.27,4.10,9.43
YTL (4677),MAIN,YTL CORPORATION BERHAD,"Gas, Water & Multi-utilities ",29.547b,2.68,14.73,1.49,13.09
YTLPOWR (6742),MAIN,YTL POWER INTERNATIONAL BHD,"Gas, Water & Multi-utilities ",32.310b,3.96,9.67,1.52,18.13
YTLREIT (5109),MAIN,YTL HOSPITALITY REIT,Real Estate Investment Trusts ,2.028b,1.19,12.54,6.25,5.53
YXPM (0250),ACE,YX PRECIOUS METALS BHD,Personal Goods ,104.20m,0.28,11.57,2.86,8.64
ZANTAT (0301),ACE,ZANTAT HOLDINGS BERHAD,Chemicals ,140.00m,0.50,-,0.00,-
ZECON (7028),MAIN,ZECON BERHAD,Construction ,59.70m,0.41,28.12,0.00,0.92
ZELAN (2283),MAIN,ZELAN BERHAD,Construction ,59.14m,0.07,0.90,0.00,43.11
ZENTECH (0094),ACE,ZEN TECH INTERNATIONAL BERHAD,Software ,43.88m,0.02,-,0.00,-2.33
ZHULIAN (5131),MAIN,ZHULIAN CORPORATION BERHAD,Consumer Services ,667.00m,1.45,22.80,8.97,6.33
